codice_regione,data,deceduti,denominazione_regione,dimessi_guariti,isolamento_domiciliare,lat,long,note_en,note_it,nuovi_positivi,ricoverati_con_sintomi,stato,tamponi,terapia_intensiva,totale_casi,totale_ospedalizzati,totale_positivi,variazione_totale_positivi
13,2020-02-24T18:00:00,0,Abruzzo,0,0,42.35122196,13.39843823,,,0,0,ITA,5,0,0,0,0,0
17,2020-02-24T18:00:00,0,Basilicata,0,0,40.63947052,15.80514834,,,0,0,ITA,0,0,0,0,0,0
4,2020-02-24T18:00:00,0,P.A. Bolzano,0,0,46.49933453,11.35662422,,,0,0,ITA,1,0,0,0,0,0
18,2020-02-24T18:00:00,0,Calabria,0,0,38.90597598,16.59440194,,,0,0,ITA,1,0,0,0,0,0
15,2020-02-24T18:00:00,0,Campania,0,0,40.83956555,14.25084984,,,0,0,ITA,10,0,0,0,0,0
8,2020-02-24T18:00:00,0,Emilia-Romagna,0,6,44.49436681,11.3417208,,,18,10,ITA,148,2,18,12,18,0
6,2020-02-24T18:00:00,0,Friuli Venezia Giulia,0,0,45.6494354,13.76813649,,,0,0,ITA,58,0,0,0,0,0
12,2020-02-24T18:00:00,0,Lazio,1,0,41.89277044,12.48366722,,,2,1,ITA,124,1,3,2,2,0
7,2020-02-24T18:00:00,0,Liguria,0,0,44.41149315,8.9326992,,,0,0,ITA,1,0,0,0,0,0
3,2020-02-24T18:00:00,6,Lombardia,0,71,45.46679409,9.190347404,,,166,76,ITA,1463,19,172,95,166,0
11,2020-02-24T18:00:00,0,Marche,0,0,43.61675973,13.5188753,,,0,0,ITA,16,0,0,0,0,0
14,2020-02-24T18:00:00,0,Molise,0,0,41.55774754,14.65916051,,,0,0,ITA,0,0,0,0,0,0
1,2020-02-24T18:00:00,0,Piemonte,0,1,45.0732745,7.680687483,,,3,2,ITA,141,0,3,2,3,0
16,2020-02-24T18:00:00,0,Puglia,0,0,41.12559576,16.86736689,,,0,0,ITA,0,0,0,0,0,0
20,2020-02-24T18:00:00,0,Sardegna,0,0,39.21531192,9.110616306,,,0,0,ITA,1,0,0,0,0,0
19,2020-02-24T18:00:00,0,Sicilia,0,0,38.11569725,13.3623567,,,0,0,ITA,5,0,0,0,0,0
9,2020-02-24T18:00:00,0,Toscana,0,0,43.76923077,11.25588885,,,0,0,ITA,140,0,0,0,0,0
4,2020-02-24T18:00:00,0,P.A. Trento,0,0,46.06893511,11.12123097,,,0,0,ITA,3,0,0,0,0,0
10,2020-02-24T18:00:00,0,Umbria,0,0,43.10675841,12.38824698,,,0,0,ITA,0,0,0,0,0,0
2,2020-02-24T18:00:00,0,Valle d'Aosta,0,0,45.73750286,7.320149366,,,0,0,ITA,7,0,0,0,0,0
5,2020-02-24T18:00:00,1,Veneto,0,16,45.43490485,12.33845213,,,32,12,ITA,2200,4,33,16,32,0
13,2020-02-25T18:00:00,0,Abruzzo,0,0,42.35122196,13.39843823,,,0,0,ITA,5,0,0,0,0,0
17,2020-02-25T18:00:00,0,Basilicata,0,0,40.63947052,15.80514834,,,0,0,ITA,0,0,0,0,0,0
4,2020-02-25T18:00:00,0,P.A. Bolzano,0,0,46.49933453,11.35662422,,,1,1,ITA,1,0,1,1,1,1
18,2020-02-25T18:00:00,0,Calabria,0,0,38.90597598,16.59440194,,,0,0,ITA,2,0,0,0,0,0
15,2020-02-25T18:00:00,0,Campania,0,0,40.83956555,14.25084984,,,0,0,ITA,10,0,0,0,0,0
8,2020-02-25T18:00:00,0,Emilia-Romagna,0,9,44.49436681,11.3417208,,,8,15,ITA,391,2,26,17,26,8
6,2020-02-25T18:00:00,0,Friuli Venezia Giulia,0,0,45.6494354,13.76813649,,,0,0,ITA,89,0,0,0,0,0
12,2020-02-25T18:00:00,0,Lazio,1,0,41.89277044,12.48366722,,,0,1,ITA,124,1,3,2,2,0
7,2020-02-25T18:00:00,0,Liguria,0,0,44.41149315,8.9326992,,,1,1,ITA,39,0,1,1,1,1
3,2020-02-25T18:00:00,9,Lombardia,0,127,45.46679409,9.190347404,,,68,79,ITA,3700,25,240,104,231,65
11,2020-02-25T18:00:00,0,Marche,0,0,43.61675973,13.5188753,,,0,0,ITA,21,0,0,0,0,0
14,2020-02-25T18:00:00,0,Molise,0,0,41.55774754,14.65916051,,,0,0,ITA,0,0,0,0,0,0
1,2020-02-25T18:00:00,0,Piemonte,0,1,45.0732745,7.680687483,,,0,2,ITA,141,0,3,2,3,0
16,2020-02-25T18:00:00,0,Puglia,0,0,41.12559576,16.86736689,,,0,0,ITA,0,0,0,0,0,0
20,2020-02-25T18:00:00,0,Sardegna,0,0,39.21531192,9.110616306,,,0,0,ITA,1,0,0,0,0,0
19,2020-02-25T18:00:00,0,Sicilia,0,2,38.11569725,13.3623567,,,3,1,ITA,5,0,3,1,3,3
9,2020-02-25T18:00:00,0,Toscana,0,0,43.76923077,11.25588885,,,2,2,ITA,296,0,2,2,2,2
4,2020-02-25T18:00:00,0,P.A. Trento,0,0,46.06893511,11.12123097,,,0,0,ITA,3,0,0,0,0,0
10,2020-02-25T18:00:00,0,Umbria,0,0,43.10675841,12.38824698,,,0,0,ITA,8,0,0,0,0,0
2,2020-02-25T18:00:00,0,Valle d'Aosta,0,0,45.73750286,7.320149366,,,0,0,ITA,7,0,0,0,0,0
5,2020-02-25T18:00:00,1,Veneto,0,23,45.43490485,12.33845213,,,10,12,ITA,3780,7,43,19,42,10
13,2020-02-26T18:00:00,0,Abruzzo,0,0,42.35122196,13.39843823,,,0,0,ITA,13,0,0,0,0,0
17,2020-02-26T18:00:00,0,Basilicata,0,0,40.63947052,15.80514834,,,0,0,ITA,0,0,0,0,0,0
4,2020-02-26T18:00:00,0,P.A. Bolzano,0,0,46.49933453,11.35662422,,,0,1,ITA,1,0,1,1,1,0
18,2020-02-26T18:00:00,0,Calabria,0,0,38.90597598,16.59440194,,,0,0,ITA,3,0,0,0,0,0
15,2020-02-26T18:00:00,0,Campania,0,0,40.83956555,14.25084984,,,0,0,ITA,10,0,0,0,0,0
8,2020-02-26T18:00:00,1,Emilia-Romagna,0,23,44.49436681,11.3417208,,,21,20,ITA,577,3,47,23,46,20
6,2020-02-26T18:00:00,0,Friuli Venezia Giulia,0,0,45.6494354,13.76813649,,,0,0,ITA,114,0,0,0,0,0
12,2020-02-26T18:00:00,0,Lazio,3,0,41.89277044,12.48366722,,,0,0,ITA,124,0,3,0,0,-2
7,2020-02-26T18:00:00,0,Liguria,0,5,44.41149315,8.9326992,,,10,6,ITA,66,0,11,6,11,10
3,2020-02-26T18:00:00,9,Lombardia,0,145,45.46679409,9.190347404,,,18,79,ITA,3208,25,258,104,249,18
11,2020-02-26T18:00:00,0,Marche,0,0,43.61675973,13.5188753,,,1,1,ITA,28,0,1,1,1,1
14,2020-02-26T18:00:00,0,Molise,0,0,41.55774754,14.65916051,,,0,0,ITA,0,0,0,0,0,0
1,2020-02-26T18:00:00,0,Piemonte,0,1,45.0732745,7.680687483,,,0,2,ITA,156,0,3,2,3,0
16,2020-02-26T18:00:00,0,Puglia,0,0,41.12559576,16.86736689,,,0,0,ITA,0,0,0,0,0,0
20,2020-02-26T18:00:00,0,Sardegna,0,0,39.21531192,9.110616306,,,0,0,ITA,1,0,0,0,0,0
19,2020-02-26T18:00:00,0,Sicilia,0,2,38.11569725,13.3623567,,,0,1,ITA,5,0,3,1,3,0
9,2020-02-26T18:00:00,0,Toscana,0,0,43.76923077,11.25588885,,,0,2,ITA,363,0,2,2,2,0
4,2020-02-26T18:00:00,0,P.A. Trento,0,0,46.06893511,11.12123097,,,0,0,ITA,3,0,0,0,0,0
10,2020-02-26T18:00:00,0,Umbria,0,0,43.10675841,12.38824698,,,0,0,ITA,8,0,0,0,0,0
2,2020-02-26T18:00:00,0,Valle d'Aosta,0,0,45.73750286,7.320149366,,,0,0,ITA,7,0,0,0,0,0
5,2020-02-26T18:00:00,2,Veneto,0,45,45.43490485,12.33845213,,,28,16,ITA,4900,8,71,24,69,27
13,2020-02-27T18:00:00,0,Abruzzo,0,0,42.35122196,13.39843823,,,1,1,ITA,33,0,1,1,1,1
17,2020-02-27T18:00:00,0,Basilicata,0,0,40.63947052,15.80514834,,,0,0,ITA,0,0,0,0,0,0
4,2020-02-27T18:00:00,0,P.A. Bolzano,0,0,46.49933453,11.35662422,,,0,1,ITA,2,0,1,1,1,0
18,2020-02-27T18:00:00,0,Calabria,0,0,38.90597598,16.59440194,,,0,0,ITA,14,0,0,0,0,0
15,2020-02-27T18:00:00,0,Campania,0,1,40.83956555,14.25084984,,,3,2,ITA,10,0,3,2,3,3
8,2020-02-27T18:00:00,1,Emilia-Romagna,0,54,44.49436681,11.3417208,,,50,36,ITA,1033,6,97,42,96,50
6,2020-02-27T18:00:00,0,Friuli Venezia Giulia,0,0,45.6494354,13.76813649,,,0,0,ITA,141,0,0,0,0,0
12,2020-02-27T18:00:00,0,Lazio,3,0,41.89277044,12.48366722,,,0,0,ITA,552,0,3,0,0,0
7,2020-02-27T18:00:00,0,Liguria,0,10,44.41149315,8.9326992,,,8,9,ITA,78,0,19,9,19,8
3,2020-02-27T18:00:00,14,Lombardia,40,136,45.46679409,9.190347404,,,145,172,ITA,3320,41,403,213,349,100
11,2020-02-27T18:00:00,0,Marche,0,0,43.61675973,13.5188753,,,2,2,ITA,46,1,3,3,3,2
14,2020-02-27T18:00:00,0,Molise,0,0,41.55774754,14.65916051,,,0,0,ITA,0,0,0,0,0,0
1,2020-02-27T18:00:00,0,Piemonte,0,0,45.0732745,7.680687483,,,-1,2,ITA,156,0,2,2,2,-1
16,2020-02-27T18:00:00,0,Puglia,0,0,41.12559576,16.86736689,,,1,1,ITA,0,0,1,1,1,1
20,2020-02-27T18:00:00,0,Sardegna,0,0,39.21531192,9.110616306,,,0,0,ITA,1,0,0,0,0,0
19,2020-02-27T18:00:00,0,Sicilia,2,1,38.11569725,13.3623567,,,1,1,ITA,5,0,4,1,2,-1
9,2020-02-27T18:00:00,0,Toscana,0,0,43.76923077,11.25588885,,,0,2,ITA,410,0,2,2,2,0
4,2020-02-27T18:00:00,0,P.A. Trento,0,0,46.06893511,11.12123097,,,0,0,ITA,32,0,0,0,0,0
10,2020-02-27T18:00:00,0,Umbria,0,0,43.10675841,12.38824698,,,0,0,ITA,8,0,0,0,0,0
2,2020-02-27T18:00:00,0,Valle d'Aosta,0,0,45.73750286,7.320149366,,,0,0,ITA,9,0,0,0,0,0
5,2020-02-27T18:00:00,2,Veneto,0,82,45.43490485,12.33845213,,,40,19,ITA,6164,8,111,27,109,40
13,2020-02-28T18:00:00,0,Abruzzo,0,0,42.35122196,13.39843823,,,0,1,ITA,33,0,1,1,1,0
17,2020-02-28T18:00:00,0,Basilicata,0,0,40.63947052,15.80514834,,,0,0,ITA,0,0,0,0,0,0
4,2020-02-28T18:00:00,0,P.A. Bolzano,0,0,46.49933453,11.35662422,,,0,1,ITA,2,0,1,1,1,0
18,2020-02-28T18:00:00,0,Calabria,0,1,38.90597598,16.59440194,,,1,0,ITA,21,0,1,0,1,1
15,2020-02-28T18:00:00,0,Campania,0,2,40.83956555,14.25084984,,,1,2,ITA,213,0,4,2,4,1
8,2020-02-28T18:00:00,2,Emilia-Romagna,0,81,44.49436681,11.3417208,,,48,56,ITA,1277,6,145,62,143,47
6,2020-02-28T18:00:00,0,Friuli Venezia Giulia,0,0,45.6494354,13.76813649,,,0,0,ITA,169,0,0,0,0,0
12,2020-02-28T18:00:00,0,Lazio,3,0,41.89277044,12.48366722,,,0,0,ITA,611,0,3,0,0,0
7,2020-02-28T18:00:00,0,Liguria,0,10,44.41149315,8.9326992,,,0,9,ITA,112,0,19,9,19,0
3,2020-02-28T18:00:00,17,Lombardia,40,192,45.46679409,9.190347404,,,128,235,ITA,4835,47,531,282,474,125
11,2020-02-28T18:00:00,0,Marche,0,1,43.61675973,13.5188753,,,3,3,ITA,47,2,6,5,6,3
14,2020-02-28T18:00:00,0,Molise,0,0,41.55774754,14.65916051,,,0,0,ITA,0,0,0,0,0,0
1,2020-02-28T18:00:00,0,Piemonte,0,4,45.0732745,7.680687483,,,9,7,ITA,227,0,11,7,11,9
16,2020-02-28T18:00:00,0,Puglia,0,2,41.12559576,16.86736689,,,2,1,ITA,242,0,3,1,3,2
20,2020-02-28T18:00:00,0,Sardegna,0,0,39.21531192,9.110616306,,,0,0,ITA,1,0,0,0,0,0
19,2020-02-28T18:00:00,0,Sicilia,2,1,38.11569725,13.3623567,,,0,1,ITA,5,0,4,1,2,0
9,2020-02-28T18:00:00,0,Toscana,1,2,43.76923077,11.25588885,,,6,5,ITA,437,0,8,5,7,5
4,2020-02-28T18:00:00,0,P.A. Trento,0,0,46.06893511,11.12123097,,,0,0,ITA,32,0,0,0,0,0
10,2020-02-28T18:00:00,0,Umbria,0,0,43.10675841,12.38824698,,,0,0,ITA,8,0,0,0,0,0
2,2020-02-28T18:00:00,0,Valle d'Aosta,0,0,45.73750286,7.320149366,,,0,0,ITA,9,0,0,0,0,0
5,2020-02-28T18:00:00,2,Veneto,0,116,45.43490485,12.33845213,,,40,24,ITA,7414,9,151,33,149,40
13,2020-02-29T17:00:00,0,Abruzzo,0,0,42.35122196,13.39843823,,,1,2,ITA,43,0,2,2,2,1
17,2020-02-29T17:00:00,0,Basilicata,0,0,40.63947052,15.80514834,,,0,0,ITA,32,0,0,0,0,0
4,2020-02-29T17:00:00,0,P.A. Bolzano,0,0,46.49933453,11.35662422,,,0,1,ITA,16,0,1,1,1,0
18,2020-02-29T17:00:00,0,Calabria,0,1,38.90597598,16.59440194,,,0,0,ITA,27,0,1,0,1,0
15,2020-02-29T17:00:00,0,Campania,0,10,40.83956555,14.25084984,,,9,3,ITA,373,0,13,3,13,9
8,2020-02-29T17:00:00,4,Emilia-Romagna,0,116,44.49436681,11.3417208,,,72,86,ITA,1550,11,217,97,213,70
6,2020-02-29T17:00:00,0,Friuli Venezia Giulia,0,0,45.6494354,13.76813649,,,0,0,ITA,189,0,0,0,0,0
12,2020-02-29T17:00:00,0,Lazio,3,0,41.89277044,12.48366722,,,3,3,ITA,679,0,6,3,3,3
7,2020-02-29T17:00:00,0,Liguria,4,33,44.41149315,8.9326992,,,23,4,ITA,121,1,42,5,38,19
3,2020-02-29T17:00:00,23,Lombardia,40,216,45.46679409,9.190347404,,,84,256,ITA,5723,80,615,336,552,78
11,2020-02-29T17:00:00,0,Marche,0,3,43.61675973,13.5188753,,,5,6,ITA,68,2,11,8,11,5
14,2020-02-29T17:00:00,0,Molise,0,0,41.55774754,14.65916051,,,0,0,ITA,0,0,0,0,0,0
1,2020-02-29T17:00:00,0,Piemonte,0,4,45.0732745,7.680687483,,,0,7,ITA,308,0,11,7,11,0
16,2020-02-29T17:00:00,0,Puglia,0,2,41.12559576,16.86736689,,,0,1,ITA,252,0,3,1,3,0
20,2020-02-29T17:00:00,0,Sardegna,0,0,39.21531192,9.110616306,,,0,0,ITA,1,0,0,0,0,0
19,2020-02-29T17:00:00,0,Sicilia,2,1,38.11569725,13.3623567,,,0,1,ITA,6,0,4,1,2,0
9,2020-02-29T17:00:00,0,Toscana,1,3,43.76923077,11.25588885,,,3,7,ITA,531,0,11,7,10,3
4,2020-02-29T17:00:00,0,P.A. Trento,0,0,46.06893511,11.12123097,,,0,0,ITA,43,0,0,0,0,0
10,2020-02-29T17:00:00,0,Umbria,0,0,43.10675841,12.38824698,,,0,0,ITA,31,0,0,0,0,0
2,2020-02-29T17:00:00,0,Valle d'Aosta,0,0,45.73750286,7.320149366,,,0,0,ITA,9,0,0,0,0,0
5,2020-02-29T17:00:00,2,Veneto,0,154,45.43490485,12.33845213,,,40,24,ITA,8659,11,191,35,189,40
13,2020-03-01T17:00:00,0,Abruzzo,0,2,42.35122196,13.39843823,,,3,3,ITA,52,0,5,3,5,3
17,2020-03-01T17:00:00,0,Basilicata,0,0,40.63947052,15.80514834,,,0,0,ITA,39,0,0,0,0,0
4,2020-03-01T17:00:00,0,P.A. Bolzano,0,0,46.49933453,11.35662422,,,0,1,ITA,20,0,1,1,1,0
18,2020-03-01T17:00:00,0,Calabria,0,1,38.90597598,16.59440194,,,0,0,ITA,35,0,1,0,1,0
15,2020-03-01T17:00:00,0,Campania,0,13,40.83956555,14.25084984,,,4,4,ITA,373,0,17,4,17,4
8,2020-03-01T17:00:00,8,Emilia-Romagna,0,137,44.49436681,11.3417208,,,68,127,ITA,1795,13,285,140,277,64
6,2020-03-01T17:00:00,0,Friuli Venezia Giulia,0,6,45.6494354,13.76813649,,,6,0,ITA,243,0,6,0,6,6
12,2020-03-01T17:00:00,0,Lazio,3,0,41.89277044,12.48366722,,,0,3,ITA,724,0,6,3,3,0
7,2020-03-01T17:00:00,0,Liguria,4,8,44.41149315,8.9326992,,,-17,12,ITA,121,1,25,13,21,-17
3,2020-03-01T17:00:00,24,Lombardia,73,375,45.46679409,9.190347404,,,369,406,ITA,6879,106,984,512,887,335
11,2020-03-01T17:00:00,0,Marche,0,8,43.61675973,13.5188753,,,14,12,ITA,101,5,25,17,25,14
14,2020-03-01T17:00:00,0,Molise,0,0,41.55774754,14.65916051,,,0,0,ITA,6,0,0,0,0,0
1,2020-03-01T17:00:00,0,Piemonte,0,36,45.0732745,7.680687483,,,38,11,ITA,362,2,49,13,49,38
16,2020-03-01T17:00:00,0,Puglia,0,2,41.12559576,16.86736689,,,0,1,ITA,262,0,3,1,3,0
20,2020-03-01T17:00:00,0,Sardegna,0,0,39.21531192,9.110616306,,,0,0,ITA,29,0,0,0,0,0
19,2020-03-01T17:00:00,0,Sicilia,2,6,38.11569725,13.3623567,,,5,1,ITA,291,0,9,1,7,5
9,2020-03-01T17:00:00,0,Toscana,1,5,43.76923077,11.25588885,,,2,7,ITA,572,0,13,7,12,2
4,2020-03-01T17:00:00,0,P.A. Trento,0,0,46.06893511,11.12123097,,,0,0,ITA,122,0,0,0,0,0
10,2020-03-01T17:00:00,0,Umbria,0,2,43.10675841,12.38824698,,,2,0,ITA,35,0,2,0,2,2
2,2020-03-01T17:00:00,0,Valle d'Aosta,0,0,45.73750286,7.320149366,,,0,0,ITA,10,0,0,0,0,0
5,2020-03-01T17:00:00,2,Veneto,0,197,45.43490485,12.33845213,,,72,51,ITA,9056,13,263,64,261,72
13,2020-03-02T18:00:00,0,Abruzzo,0,2,42.35122196,13.39843823,,,0,3,ITA,52,0,5,3,5,0
17,2020-03-02T18:00:00,0,Basilicata,0,0,40.63947052,15.80514834,,,0,0,ITA,39,0,0,0,0,0
4,2020-03-02T18:00:00,0,P.A. Bolzano,0,0,46.49933453,11.35662422,,,0,1,ITA,20,0,1,1,1,0
18,2020-03-02T18:00:00,0,Calabria,0,1,38.90597598,16.59440194,,,0,0,ITA,39,0,1,0,1,0
15,2020-03-02T18:00:00,0,Campania,0,13,40.83956555,14.25084984,,,0,4,ITA,373,0,17,4,17,0
8,2020-03-02T18:00:00,11,Emilia-Romagna,0,160,44.49436681,11.3417208,,,50,148,ITA,1973,16,335,164,324,47
6,2020-03-02T18:00:00,0,Friuli Venezia Giulia,0,9,45.6494354,13.76813649,,,3,0,ITA,269,0,9,0,9,3
12,2020-03-02T18:00:00,0,Lazio,3,1,41.89277044,12.48366722,,,1,3,ITA,773,0,7,3,4,1
7,2020-03-02T18:00:00,0,Liguria,4,5,44.41149315,8.9326992,,,-3,12,ITA,121,1,22,13,18,-3
3,2020-03-02T18:00:00,38,Lombardia,139,472,45.46679409,9.190347404,,,270,478,ITA,7925,127,1254,605,1077,190
11,2020-03-02T18:00:00,1,Marche,0,11,43.61675973,13.5188753,,,10,17,ITA,137,6,35,23,34,9
14,2020-03-02T18:00:00,0,Molise,0,0,41.55774754,14.65916051,,,0,0,ITA,13,0,0,0,0,0
1,2020-03-02T18:00:00,0,Piemonte,0,37,45.0732745,7.680687483,,,2,12,ITA,434,2,51,14,51,2
16,2020-03-02T18:00:00,0,Puglia,0,2,41.12559576,16.86736689,,,1,2,ITA,278,0,4,2,4,1
20,2020-03-02T18:00:00,0,Sardegna,0,0,39.21531192,9.110616306,,,0,0,ITA,29,0,0,0,0,0
19,2020-03-02T18:00:00,0,Sicilia,2,3,38.11569725,13.3623567,,,-2,2,ITA,307,0,7,2,5,-2
9,2020-03-02T18:00:00,0,Toscana,1,5,43.76923077,11.25588885,,,0,7,ITA,613,0,13,7,12,0
4,2020-03-02T18:00:00,0,P.A. Trento,0,0,46.06893511,11.12123097,,,0,0,ITA,122,0,0,0,0,0
10,2020-03-02T18:00:00,0,Umbria,0,2,43.10675841,12.38824698,,,0,0,ITA,35,0,2,0,2,0
2,2020-03-02T18:00:00,0,Valle d'Aosta,0,0,45.73750286,7.320149366,,,0,0,ITA,11,0,0,0,0,0
5,2020-03-02T18:00:00,2,Veneto,0,204,45.43490485,12.33845213,,,10,53,ITA,9782,14,273,67,271,10
13,2020-03-03T18:00:00,0,Abruzzo,0,1,42.35122196,13.39843823,,,1,5,ITA,52,0,6,5,6,1
17,2020-03-03T18:00:00,0,Basilicata,0,1,40.63947052,15.80514834,,,1,0,ITA,42,0,1,0,1,1
4,2020-03-03T18:00:00,0,P.A. Bolzano,0,0,46.49933453,11.35662422,,,0,1,ITA,20,0,1,1,1,0
18,2020-03-03T18:00:00,0,Calabria,0,1,38.90597598,16.59440194,,,0,0,ITA,39,0,1,0,1,0
15,2020-03-03T18:00:00,0,Campania,0,19,40.83956555,14.25084984,,,13,11,ITA,405,0,30,11,30,13
8,2020-03-03T18:00:00,18,Emilia-Romagna,4,187,44.49436681,11.3417208,,,85,187,ITA,2012,24,420,211,398,74
6,2020-03-03T18:00:00,0,Friuli Venezia Giulia,0,12,45.6494354,13.76813649,,,4,1,ITA,354,0,13,1,13,4
12,2020-03-03T18:00:00,0,Lazio,3,1,41.89277044,12.48366722,,,7,10,ITA,877,0,14,10,11,7
7,2020-03-03T18:00:00,1,Liguria,4,5,44.41149315,8.9326992,,,2,12,ITA,121,2,24,14,19,1
3,2020-03-03T18:00:00,55,Lombardia,139,461,45.46679409,9.190347404,,,266,698,ITA,9577,167,1520,865,1326,249
11,2020-03-03T18:00:00,2,Marche,0,19,43.61675973,13.5188753,,,26,27,ITA,200,13,61,40,59,25
14,2020-03-03T18:00:00,0,Molise,0,0,41.55774754,14.65916051,,,3,3,ITA,13,0,3,3,3,3
1,2020-03-03T18:00:00,0,Piemonte,0,40,45.0732745,7.680687483,,,5,13,ITA,458,3,56,16,56,5
16,2020-03-03T18:00:00,0,Puglia,0,4,41.12559576,16.86736689,,,2,2,ITA,298,0,6,2,6,2
20,2020-03-03T18:00:00,0,Sardegna,0,0,39.21531192,9.110616306,,,1,1,ITA,29,0,1,1,1,1
19,2020-03-03T18:00:00,0,Sicilia,2,3,38.11569725,13.3623567,,,0,2,ITA,307,0,7,2,5,0
9,2020-03-03T18:00:00,0,Toscana,1,8,43.76923077,11.25588885,,,6,10,ITA,697,0,19,10,18,6
4,2020-03-03T18:00:00,0,P.A. Trento,0,3,46.06893511,11.12123097,,,4,1,ITA,122,0,4,1,4,4
10,2020-03-03T18:00:00,0,Umbria,0,6,43.10675841,12.38824698,,,6,1,ITA,45,1,8,2,8,6
2,2020-03-03T18:00:00,0,Valle d'Aosta,0,0,45.73750286,7.320149366,,,0,0,ITA,12,0,0,0,0,0
5,2020-03-03T18:00:00,3,Veneto,7,229,45.43490485,12.33845213,,,34,49,ITA,10176,19,307,68,297,26
13,2020-03-04T17:00:00,0,Abruzzo,0,0,42.35122196,13.39843823,,,1,7,ITA,85,0,7,7,7,1
17,2020-03-04T17:00:00,0,Basilicata,0,1,40.63947052,15.80514834,,,0,0,ITA,48,0,1,0,1,0
4,2020-03-04T17:00:00,0,P.A. Bolzano,0,0,46.49933453,11.35662422,,,0,1,ITA,20,0,1,1,1,0
18,2020-03-04T17:00:00,0,Calabria,0,1,38.90597598,16.59440194,,,0,0,ITA,46,0,1,0,1,0
15,2020-03-04T17:00:00,0,Campania,0,20,40.83956555,14.25084984,,,1,11,ITA,429,0,31,11,31,1
8,2020-03-04T17:00:00,22,Emilia-Romagna,6,234,44.49436681,11.3417208,,,124,256,ITA,2500,26,544,282,516,118
6,2020-03-04T17:00:00,0,Friuli Venezia Giulia,0,15,45.6494354,13.76813649,,,5,3,ITA,376,0,18,3,18,5
12,2020-03-04T17:00:00,0,Lazio,3,9,41.89277044,12.48366722,,,16,15,ITA,995,3,30,18,27,16
7,2020-03-04T17:00:00,1,Liguria,4,8,44.41149315,8.9326992,,,2,10,ITA,133,3,26,13,21,2
3,2020-03-04T17:00:00,73,Lombardia,250,411,45.46679409,9.190347404,,,300,877,ITA,12138,209,1820,1086,1497,171
11,2020-03-04T17:00:00,4,Marche,0,31,43.61675973,13.5188753,,,23,34,ITA,288,15,84,49,80,21
14,2020-03-04T17:00:00,0,Molise,0,0,41.55774754,14.65916051,,,0,3,ITA,19,0,3,3,3,0
1,2020-03-04T17:00:00,0,Piemonte,0,43,45.0732745,7.680687483,,,26,26,ITA,543,13,82,39,82,26
16,2020-03-04T17:00:00,1,Puglia,1,3,41.12559576,16.86736689,,,3,4,ITA,322,0,9,4,7,1
20,2020-03-04T17:00:00,0,Sardegna,0,1,39.21531192,9.110616306,,,1,1,ITA,42,0,2,1,2,1
19,2020-03-04T17:00:00,0,Sicilia,2,11,38.11569725,13.3623567,,,11,5,ITA,367,0,18,5,16,11
9,2020-03-04T17:00:00,0,Toscana,1,20,43.76923077,11.25588885,,,19,15,ITA,776,2,38,17,37,19
4,2020-03-04T17:00:00,0,P.A. Trento,0,4,46.06893511,11.12123097,,,1,1,ITA,122,0,5,1,5,1
10,2020-03-04T17:00:00,0,Umbria,0,7,43.10675841,12.38824698,,,1,1,ITA,58,1,9,2,9,1
2,2020-03-04T17:00:00,0,Valle d'Aosta,0,0,45.73750286,7.320149366,,,0,0,ITA,15,0,0,0,0,0
5,2020-03-04T17:00:00,6,Veneto,9,246,45.43490485,12.33845213,,,53,76,ITA,10515,23,360,99,345,48
13,2020-03-05T17:00:00,0,Abruzzo,0,0,42.35122196,13.39843823,,,1,8,ITA,96,0,8,8,8,1
17,2020-03-05T17:00:00,0,Basilicata,0,1,40.63947052,15.80514834,,,0,0,ITA,54,0,1,0,1,0
4,2020-03-05T17:00:00,0,P.A. Bolzano,0,0,46.49933453,11.35662422,,,0,1,ITA,20,0,1,1,1,0
18,2020-03-05T17:00:00,0,Calabria,0,1,38.90597598,16.59440194,,,1,1,ITA,53,0,2,1,2,1
15,2020-03-05T17:00:00,0,Campania,0,33,40.83956555,14.25084984,,,14,12,ITA,471,0,45,12,45,14
8,2020-03-05T17:00:00,30,Emilia-Romagna,10,299,44.49436681,11.3417208,,,154,327,ITA,2884,32,698,359,658,142
6,2020-03-05T17:00:00,0,Friuli Venezia Giulia,0,17,45.6494354,13.76813649,,,3,4,ITA,397,0,21,4,21,3
12,2020-03-05T17:00:00,0,Lazio,3,14,41.89277044,12.48366722,,,14,20,ITA,1175,7,44,27,41,14
7,2020-03-05T17:00:00,3,Liguria,4,7,44.41149315,8.9326992,,,2,11,ITA,146,3,28,14,21,0
3,2020-03-05T17:00:00,98,Lombardia,376,364,45.46679409,9.190347404,,,431,1169,ITA,12354,244,2251,1413,1777,280
11,2020-03-05T17:00:00,4,Marche,0,44,43.61675973,13.5188753,,,40,57,ITA,413,19,124,76,120,40
14,2020-03-05T17:00:00,0,Molise,0,3,41.55774754,14.65916051,,,4,4,ITA,24,0,7,4,7,4
1,2020-03-05T17:00:00,2,Piemonte,0,46,45.0732745,7.680687483,,,26,43,ITA,543,17,108,60,106,24
16,2020-03-05T17:00:00,1,Puglia,1,6,41.12559576,16.86736689,,,5,5,ITA,359,1,14,6,12,5
20,2020-03-05T17:00:00,0,Sardegna,0,0,39.21531192,9.110616306,,,0,2,ITA,50,0,2,2,2,0
19,2020-03-05T17:00:00,0,Sicilia,2,11,38.11569725,13.3623567,,,0,5,ITA,367,0,18,5,16,0
9,2020-03-05T17:00:00,0,Toscana,1,31,43.76923077,11.25588885,,,23,26,ITA,776,3,61,29,60,23
4,2020-03-05T17:00:00,0,P.A. Trento,0,5,46.06893511,11.12123097,,,2,2,ITA,122,0,7,2,7,2
10,2020-03-05T17:00:00,0,Umbria,0,7,43.10675841,12.38824698,,,0,1,ITA,88,1,9,2,9,0
2,2020-03-05T17:00:00,0,Valle d'Aosta,0,2,45.73750286,7.320149366,,,2,0,ITA,21,0,2,0,2,2
5,2020-03-05T17:00:00,10,Veneto,17,264,45.43490485,12.33845213,,,47,92,ITA,11949,24,407,116,380,35
13,2020-03-06T17:00:00,0,Abruzzo,0,0,42.35122196,13.39843823,,,1,9,ITA,96,0,9,9,9,1
17,2020-03-06T17:00:00,0,Basilicata,0,2,40.63947052,15.80514834,,,2,1,ITA,63,0,3,1,3,2
4,2020-03-06T17:00:00,0,P.A. Bolzano,0,0,46.49933453,11.35662422,,,3,4,ITA,36,0,4,4,4,3
18,2020-03-06T17:00:00,0,Calabria,0,2,38.90597598,16.59440194,,,2,2,ITA,99,0,4,2,4,2
15,2020-03-06T17:00:00,0,Campania,0,45,40.83956555,14.25084984,,,12,12,ITA,471,0,57,12,57,12
8,2020-03-06T17:00:00,37,Emilia-Romagna,17,366,44.49436681,11.3417208,,,172,397,ITA,3136,53,870,450,816,158
6,2020-03-06T17:00:00,0,Friuli Venezia Giulia,3,24,45.6494354,13.76813649,,,10,4,ITA,577,0,31,4,28,7
12,2020-03-06T17:00:00,1,Lazio,3,16,41.89277044,12.48366722,,,10,26,ITA,1373,8,54,34,50,9
7,2020-03-06T17:00:00,3,Liguria,5,7,44.41149315,8.9326992,,,4,12,ITA,229,5,32,17,24,3
3,2020-03-06T17:00:00,135,Lombardia,469,77,45.46679409,9.190347404,,,361,1622,ITA,13556,309,2612,1931,2008,231
11,2020-03-06T17:00:00,4,Marche,0,62,43.61675973,13.5188753,,,35,73,ITA,585,20,159,93,155,35
14,2020-03-06T17:00:00,0,Molise,0,7,41.55774754,14.65916051,,,5,3,ITA,104,2,12,5,12,5
1,2020-03-06T17:00:00,4,Piemonte,0,52,45.0732745,7.680687483,,,35,57,ITA,793,30,143,87,139,33
16,2020-03-06T17:00:00,1,Puglia,1,9,41.12559576,16.86736689,,,3,5,ITA,395,1,17,6,15,3
20,2020-03-06T17:00:00,0,Sardegna,0,3,39.21531192,9.110616306,,,3,2,ITA,99,0,5,2,5,3
19,2020-03-06T17:00:00,0,Sicilia,2,15,38.11569725,13.3623567,,,6,7,ITA,367,0,24,7,22,6
9,2020-03-06T17:00:00,0,Toscana,1,38,43.76923077,11.25588885,,,18,35,ITA,1097,5,79,40,78,18
4,2020-03-06T17:00:00,0,P.A. Trento,0,6,46.06893511,11.12123097,,,3,4,ITA,122,0,10,4,10,3
10,2020-03-06T17:00:00,0,Umbria,0,12,43.10675841,12.38824698,,,7,2,ITA,110,2,16,4,16,7
2,2020-03-06T17:00:00,0,Valle d'Aosta,0,7,45.73750286,7.320149366,,,5,0,ITA,28,0,7,0,7,5
5,2020-03-06T17:00:00,12,Veneto,22,310,45.43490485,12.33845213,,,81,117,ITA,13023,27,488,144,454,74
13,2020-03-07T18:00:00,0,Abruzzo,0,0,42.35122196,13.39843823,,,2,11,ITA,123,0,11,11,11,2
17,2020-03-07T18:00:00,0,Basilicata,0,2,40.63947052,15.80514834,,,0,1,ITA,75,0,3,1,3,0
4,2020-03-07T18:00:00,0,P.A. Bolzano,0,1,46.49933453,11.35662422,,,5,8,ITA,36,0,9,8,9,5
18,2020-03-07T18:00:00,0,Calabria,0,2,38.90597598,16.59440194,,,0,2,ITA,113,0,4,2,4,0
15,2020-03-07T18:00:00,0,Campania,0,45,40.83956555,14.25084984,,,4,16,ITA,612,0,61,16,61,4
8,2020-03-07T18:00:00,48,Emilia-Romagna,25,409,44.49436681,11.3417208,,,140,464,ITA,3604,64,1010,528,937,121
6,2020-03-07T18:00:00,0,Friuli Venezia Giulia,3,31,45.6494354,13.76813649,,,11,7,ITA,577,1,42,8,39,11
12,2020-03-07T18:00:00,1,Lazio,3,21,41.89277044,12.48366722,,,22,43,ITA,1582,8,76,51,72,22
7,2020-03-07T18:00:00,4,Liguria,5,10,44.41149315,8.9326992,,,19,26,ITA,331,6,51,32,42,18
3,2020-03-07T18:00:00,154,Lombardia,524,722,45.46679409,9.190347404,pd-EN-0002,pd-IT-0002,808,1661,ITA,15778,359,3420,2020,2742,734
11,2020-03-07T18:00:00,6,Marche,0,71,43.61675973,13.5188753,,,48,94,ITA,816,36,207,130,201,46
14,2020-03-07T18:00:00,0,Molise,0,9,41.55774754,14.65916051,,,2,3,ITA,112,2,14,5,14,2
1,2020-03-07T18:00:00,5,Piemonte,0,54,45.0732745,7.680687483,,,64,110,ITA,1046,38,207,148,202,63
16,2020-03-07T18:00:00,2,Puglia,1,12,41.12559576,16.86736689,,,9,9,ITA,395,2,26,11,23,8
20,2020-03-07T18:00:00,0,Sardegna,0,3,39.21531192,9.110616306,,,0,2,ITA,99,0,5,2,5,0
19,2020-03-07T18:00:00,0,Sicilia,2,25,38.11569725,13.3623567,,,11,8,ITA,643,0,35,8,33,11
9,2020-03-07T18:00:00,0,Toscana,1,51,43.76923077,11.25588885,,,34,54,ITA,1331,7,113,61,112,34
4,2020-03-07T18:00:00,0,P.A. Trento,0,7,46.06893511,11.12123097,,,4,6,ITA,194,1,14,7,14,4
10,2020-03-07T18:00:00,0,Umbria,0,20,43.10675841,12.38824698,,,8,2,ITA,134,2,24,4,24,8
2,2020-03-07T18:00:00,0,Valle d'Aosta,0,7,45.73750286,7.320149366,,,1,1,ITA,32,0,8,1,8,1
5,2020-03-07T18:00:00,13,Veneto,25,341,45.43490485,12.33845213,,,55,123,ITA,14429,41,543,164,505,51
13,2020-03-08T18:00:00,0,Abruzzo,0,3,42.35122196,13.39843823,,,6,14,ITA,163,0,17,14,17,6
17,2020-03-08T18:00:00,0,Basilicata,0,2,40.63947052,15.80514834,,,1,2,ITA,123,0,4,2,4,1
4,2020-03-08T18:00:00,0,P.A. Bolzano,0,1,46.49933453,11.35662422,,,0,8,ITA,36,0,9,8,9,0
18,2020-03-08T18:00:00,0,Calabria,0,4,38.90597598,16.59440194,,,5,5,ITA,113,0,9,5,9,5
15,2020-03-08T18:00:00,0,Campania,1,63,40.83956555,14.25084984,,,40,30,ITA,980,7,101,37,100,39
8,2020-03-08T18:00:00,56,Emilia-Romagna,27,480,44.49436681,11.3417208,,,170,542,ITA,4344,75,1180,617,1097,160
6,2020-03-08T18:00:00,1,Friuli Venezia Giulia,3,45,45.6494354,13.76813649,,,15,7,ITA,997,1,57,8,53,14
12,2020-03-08T18:00:00,3,Lazio,3,26,41.89277044,12.48366722,,,11,47,ITA,1929,8,87,55,81,9
7,2020-03-08T18:00:00,6,Liguria,5,17,44.41149315,8.9326992,,,27,39,ITA,401,11,78,50,67,25
3,2020-03-08T18:00:00,267,Lombardia,550,756,45.46679409,9.190347404,,,769,2217,ITA,18534,399,4189,2616,3372,630
11,2020-03-08T18:00:00,7,Marche,0,114,43.61675973,13.5188753,,,65,110,ITA,1025,41,272,151,265,64
14,2020-03-08T18:00:00,0,Molise,0,8,41.55774754,14.65916051,,,0,4,ITA,116,2,14,6,14,0
1,2020-03-08T18:00:00,5,Piemonte,0,65,45.0732745,7.680687483,,,153,245,ITA,1636,45,360,290,355,153
16,2020-03-08T18:00:00,3,Puglia,1,16,41.12559576,16.86736689,,,14,17,ITA,627,3,40,20,36,13
20,2020-03-08T18:00:00,0,Sardegna,0,6,39.21531192,9.110616306,,,6,5,ITA,149,0,11,5,11,6
19,2020-03-08T18:00:00,0,Sicilia,2,33,38.11569725,13.3623567,,,18,18,ITA,791,0,53,18,51,18
9,2020-03-08T18:00:00,0,Toscana,1,67,43.76923077,11.25588885,,,53,91,ITA,1618,7,166,98,165,53
4,2020-03-08T18:00:00,0,P.A. Trento,0,14,46.06893511,11.12123097,,,9,7,ITA,228,2,23,9,23,9
10,2020-03-08T18:00:00,0,Umbria,0,22,43.10675841,12.38824698,,,2,2,ITA,168,2,26,4,26,2
2,2020-03-08T18:00:00,0,Valle d'Aosta,0,8,45.73750286,7.320149366,,,1,1,ITA,41,0,9,1,9,1
5,2020-03-08T18:00:00,18,Veneto,29,430,45.43490485,12.33845213,,,127,146,ITA,15918,47,670,193,623,118
13,2020-03-09T18:00:00,0,Abruzzo,0,5,42.35122196,13.39843823,,,13,25,ITA,237,0,30,25,30,13
17,2020-03-09T18:00:00,0,Basilicata,0,3,40.63947052,15.80514834,,,1,2,ITA,135,0,5,2,5,1
4,2020-03-09T18:00:00,0,P.A. Bolzano,0,1,46.49933453,11.35662422,,,0,8,ITA,36,0,9,8,9,0
18,2020-03-09T18:00:00,0,Calabria,2,1,38.90597598,16.59440194,,,2,8,ITA,173,0,11,8,9,0
15,2020-03-09T18:00:00,0,Campania,1,69,40.83956555,14.25084984,,,19,42,ITA,980,8,120,50,119,19
8,2020-03-09T18:00:00,70,Emilia-Romagna,30,620,44.49436681,11.3417208,,,206,576,ITA,4906,90,1386,666,1286,189
6,2020-03-09T18:00:00,1,Friuli Venezia Giulia,3,70,45.6494354,13.76813649,,,36,18,ITA,1344,1,93,19,89,36
12,2020-03-09T18:00:00,5,Lazio,3,31,41.89277044,12.48366722,,,15,55,ITA,1929,8,102,63,94,13
7,2020-03-09T18:00:00,7,Liguria,5,20,44.41149315,8.9326992,,,31,60,ITA,611,17,109,77,97,30
3,2020-03-09T18:00:00,333,Lombardia,646,1248,45.46679409,9.190347404,,,1280,2802,ITA,20135,440,5469,3242,4490,1118
11,2020-03-09T18:00:00,10,Marche,0,130,43.61675973,13.5188753,,,51,136,ITA,1250,47,323,183,313,48
14,2020-03-09T18:00:00,0,Molise,0,8,41.55774754,14.65916051,,,0,4,ITA,212,2,14,6,14,0
1,2020-03-09T18:00:00,13,Piemonte,0,65,45.0732745,7.680687483,,,-10,222,ITA,1681,50,350,272,337,-18
16,2020-03-09T18:00:00,3,Puglia,1,20,41.12559576,16.86736689,,,10,20,ITA,685,6,50,26,46,10
20,2020-03-09T18:00:00,0,Sardegna,0,11,39.21531192,9.110616306,,,8,8,ITA,185,0,19,8,19,8
19,2020-03-09T18:00:00,0,Sicilia,2,33,38.11569725,13.3623567,,,1,19,ITA,836,0,54,19,52,1
9,2020-03-09T18:00:00,1,Toscana,1,90,43.76923077,11.25588885,,,42,107,ITA,2018,9,208,116,206,41
4,2020-03-09T18:00:00,0,P.A. Trento,0,21,46.06893511,11.12123097,,,10,10,ITA,267,2,33,12,33,10
10,2020-03-09T18:00:00,0,Umbria,0,22,43.10675841,12.38824698,,,2,4,ITA,183,2,28,6,28,2
2,2020-03-09T18:00:00,0,Valle d'Aosta,0,11,45.73750286,7.320149366,,,6,4,ITA,67,0,15,4,15,6
5,2020-03-09T18:00:00,20,Veneto,30,457,45.43490485,12.33845213,,,74,186,ITA,15956,51,744,237,694,71
13,2020-03-10T18:00:00,1,Abruzzo,0,11,42.35122196,13.39843823,,,8,17,ITA,310,9,38,26,37,7
17,2020-03-10T18:00:00,0,Basilicata,0,5,40.63947052,15.80514834,,,2,2,ITA,148,0,7,2,7,2
4,2020-03-10T18:00:00,0,P.A. Bolzano,0,20,46.49933453,11.35662422,,,29,17,ITA,36,1,38,18,38,29
18,2020-03-10T18:00:00,0,Calabria,2,1,38.90597598,16.59440194,,,2,8,ITA,360,2,13,10,11,2
15,2020-03-10T18:00:00,0,Campania,1,85,40.83956555,14.25084984,,,7,33,ITA,1141,8,127,41,126,7
8,2020-03-10T18:00:00,85,Emilia-Romagna,31,650,44.49436681,11.3417208,,,147,669,ITA,5494,98,1533,767,1417,131
6,2020-03-10T18:00:00,3,Friuli Venezia Giulia,3,77,45.6494354,13.76813649,,,23,27,ITA,1602,6,116,33,110,21
12,2020-03-10T18:00:00,6,Lazio,11,34,41.89277044,12.48366722,,,14,50,ITA,3591,15,116,65,99,5
7,2020-03-10T18:00:00,8,Liguria,5,42,44.41149315,8.9326992,,,32,57,ITA,694,29,141,86,128,31
3,2020-03-10T18:00:00,468,Lombardia,896,642,45.46679409,9.190347404,pd-EN-0004,pd-IT-0004,322,3319,ITA,21479,466,5791,3785,4427,-63
11,2020-03-10T18:00:00,13,Marche,0,175,43.61675973,13.5188753,,,71,152,ITA,1437,54,394,206,381,68
14,2020-03-10T18:00:00,0,Molise,0,9,41.55774754,14.65916051,,,1,3,ITA,225,3,15,6,15,1
1,2020-03-10T18:00:00,17,Piemonte,0,64,45.0732745,7.680687483,,,103,306,ITA,2374,66,453,372,436,99
16,2020-03-10T18:00:00,3,Puglia,1,21,41.12559576,16.86736689,,,9,28,ITA,747,6,59,34,55,9
20,2020-03-10T18:00:00,0,Sardegna,0,11,39.21531192,9.110616306,,,1,9,ITA,204,0,20,9,20,1
19,2020-03-10T18:00:00,0,Sicilia,2,41,38.11569725,13.3623567,,,8,17,ITA,955,2,62,19,60,8
9,2020-03-10T18:00:00,1,Toscana,3,129,43.76923077,11.25588885,,,56,91,ITA,2573,40,264,131,260,54
4,2020-03-10T18:00:00,0,P.A. Trento,2,28,46.06893511,11.12123097,,,19,19,ITA,399,3,52,22,50,17
10,2020-03-10T18:00:00,0,Umbria,0,27,43.10675841,12.38824698,,,9,8,ITA,260,2,37,10,37,9
2,2020-03-10T18:00:00,0,Valle d'Aosta,0,15,45.73750286,7.320149366,,,2,2,ITA,89,0,17,2,17,2
5,2020-03-10T18:00:00,26,Veneto,47,512,45.43490485,12.33845213,,,112,204,ITA,16643,67,856,271,783,89
13,2020-03-11T17:00:00,1,Abruzzo,0,11,42.35122196,13.39843823,nd-EN-0001,nd-IT-0001,0,17,ITA,310,9,38,26,37,0
17,2020-03-11T17:00:00,0,Basilicata,0,6,40.63947052,15.80514834,,,1,1,ITA,155,1,8,2,8,1
4,2020-03-11T17:00:00,0,P.A. Bolzano,0,63,46.49933453,11.35662422,,,37,8,ITA,75,4,75,12,75,37
18,2020-03-11T17:00:00,0,Calabria,2,5,38.90597598,16.59440194,,,6,10,ITA,405,2,19,12,17,6
15,2020-03-11T17:00:00,1,Campania,4,82,40.83956555,14.25084984,,,27,56,ITA,1375,11,154,67,149,23
8,2020-03-11T17:00:00,113,Emilia-Romagna,38,739,44.49436681,11.3417208,,,206,745,ITA,6640,104,1739,849,1588,171
6,2020-03-11T17:00:00,6,Friuli Venezia Giulia,10,89,45.6494354,13.76813649,,,10,16,ITA,2073,5,126,21,110,0
12,2020-03-11T17:00:00,6,Lazio,19,40,41.89277044,12.48366722,,,34,67,ITA,3591,18,150,85,125,26
7,2020-03-11T17:00:00,8,Liguria,5,73,44.41149315,8.9326992,,,53,74,ITA,1025,34,194,108,181,53
3,2020-03-11T17:00:00,617,Lombardia,900,1351,45.46679409,9.190347404,,,1489,3852,ITA,25629,560,7280,4412,5763,1336
11,2020-03-11T17:00:00,18,Marche,0,183,43.61675973,13.5188753,,,85,212,ITA,1656,66,479,278,461,80
14,2020-03-11T17:00:00,0,Molise,0,9,41.55774754,14.65916051,,,1,4,ITA,233,3,16,7,16,1
1,2020-03-11T17:00:00,21,Piemonte,0,86,45.0732745,7.680687483,,,48,319,ITA,2431,75,501,394,480,44
16,2020-03-11T17:00:00,5,Puglia,1,29,41.12559576,16.86736689,,,18,38,ITA,909,4,77,42,71,16
20,2020-03-11T17:00:00,0,Sardegna,0,27,39.21531192,9.110616306,,,17,10,ITA,283,0,37,10,37,17
19,2020-03-11T17:00:00,0,Sicilia,2,57,38.11569725,13.3623567,,,21,23,ITA,1194,1,83,24,81,21
9,2020-03-11T17:00:00,1,Toscana,5,173,43.76923077,11.25588885,,,56,87,ITA,2804,54,320,141,314,54
4,2020-03-11T17:00:00,0,P.A. Trento,3,42,46.06893511,11.12123097,,,25,28,ITA,527,4,77,32,74,24
10,2020-03-11T17:00:00,0,Umbria,2,32,43.10675841,12.38824698,,,9,7,ITA,340,5,46,12,44,7
2,2020-03-11T17:00:00,1,Valle d'Aosta,0,17,45.73750286,7.320149366,,,3,2,ITA,99,0,20,2,19,2
5,2020-03-11T17:00:00,29,Veneto,54,610,45.43490485,12.33845213,,,167,262,ITA,21400,68,1023,330,940,157
13,2020-03-12T17:00:00,2,Abruzzo,4,19,42.35122196,13.39843823,,,46,47,ITA,867,12,84,59,78,41
17,2020-03-12T17:00:00,0,Basilicata,0,6,40.63947052,15.80514834,,,0,1,ITA,155,1,8,2,8,0
4,2020-03-12T17:00:00,1,P.A. Bolzano,0,78,46.49933453,11.35662422,,,29,21,ITA,607,4,104,25,103,28
18,2020-03-12T17:00:00,0,Calabria,1,16,38.90597598,16.59440194,,,14,14,ITA,483,2,33,16,32,15
15,2020-03-12T17:00:00,1,Campania,4,107,40.83956555,14.25084984,,,25,56,ITA,1551,11,179,67,174,25
8,2020-03-12T17:00:00,146,Emilia-Romagna,43,832,44.49436681,11.3417208,,,208,814,ITA,7600,112,1947,926,1758,170
6,2020-03-12T17:00:00,8,Friuli Venezia Giulia,11,115,45.6494354,13.76813649,,,41,23,ITA,2604,10,167,33,148,38
12,2020-03-12T17:00:00,9,Lazio,19,67,41.89277044,12.48366722,,,50,85,ITA,5592,20,200,105,172,47
7,2020-03-12T17:00:00,11,Liguria,20,107,44.41149315,8.9326992,,,80,100,ITA,1174,36,274,136,243,62
3,2020-03-12T17:00:00,744,Lombardia,1085,2044,45.46679409,9.190347404,,,1445,4247,ITA,29534,605,8725,4852,6896,1133
11,2020-03-12T17:00:00,22,Marche,0,240,43.61675973,13.5188753,,,113,254,ITA,1907,76,592,330,570,109
14,2020-03-12T17:00:00,0,Molise,0,9,41.55774754,14.65916051,,,0,4,ITA,238,3,16,7,16,0
1,2020-03-12T17:00:00,26,Piemonte,0,89,45.0732745,7.680687483,,,79,368,ITA,2879,97,580,465,554,74
16,2020-03-12T17:00:00,5,Puglia,1,38,41.12559576,16.86736689,,,27,58,ITA,1269,2,104,60,98,27
20,2020-03-12T17:00:00,0,Sardegna,0,27,39.21531192,9.110616306,,,2,12,ITA,302,0,39,12,39,2
19,2020-03-12T17:00:00,2,Sicilia,2,78,38.11569725,13.3623567,,,32,28,ITA,1477,5,115,33,111,30
9,2020-03-12T17:00:00,5,Toscana,7,193,43.76923077,11.25588885,,,44,100,ITA,3165,59,364,159,352,38
4,2020-03-12T17:00:00,1,P.A. Trento,4,54,46.06893511,11.12123097,,,30,43,ITA,593,5,107,48,102,28
10,2020-03-12T17:00:00,0,Umbria,2,46,43.10675841,12.38824698,,,18,8,ITA,458,8,64,16,62,18
2,2020-03-12T17:00:00,1,Valle d'Aosta,0,19,45.73750286,7.320149366,,,7,7,ITA,118,0,27,7,26,7
5,2020-03-12T17:00:00,32,Veneto,55,852,45.43490485,12.33845213,,,361,360,ITA,23438,85,1384,445,1297,357
13,2020-03-13T17:00:00,2,Abruzzo,4,27,42.35122196,13.39843823,,,5,42,ITA,958,14,89,56,83,5
17,2020-03-13T17:00:00,0,Basilicata,0,8,40.63947052,15.80514834,,,2,1,ITA,155,1,10,2,10,2
4,2020-03-13T17:00:00,2,P.A. Bolzano,0,98,46.49933453,11.35662422,,,21,20,ITA,811,5,125,25,123,20
18,2020-03-13T17:00:00,0,Calabria,1,16,38.90597598,16.59440194,,,5,18,ITA,504,3,38,21,37,5
15,2020-03-13T17:00:00,2,Campania,5,134,40.83956555,14.25084984,,,41,60,ITA,1671,19,220,79,213,39
8,2020-03-13T17:00:00,201,Emilia-Romagna,51,941,44.49436681,11.3417208,,,316,942,ITA,8787,128,2263,1070,2011,253
6,2020-03-13T17:00:00,10,Friuli Venezia Giulia,11,169,45.6494354,13.76813649,,,90,59,ITA,3149,8,257,67,236,88
12,2020-03-13T17:00:00,11,Lazio,24,96,41.89277044,12.48366722,,,77,122,ITA,6491,24,277,146,242,70
7,2020-03-13T17:00:00,17,Liguria,24,132,44.41149315,8.9326992,,,71,128,ITA,1442,44,345,172,304,61
3,2020-03-13T17:00:00,890,Lombardia,1198,2647,45.46679409,9.190347404,,,1095,4435,ITA,32700,650,9820,5085,7732,836
11,2020-03-13T17:00:00,27,Marche,0,276,43.61675973,13.5188753,,,133,337,ITA,2218,85,725,422,698,128
14,2020-03-13T17:00:00,0,Molise,0,9,41.55774754,14.65916051,,,1,5,ITA,243,3,17,8,17,1
1,2020-03-13T17:00:00,46,Piemonte,0,103,45.0732745,7.680687483,,,260,556,ITA,3105,135,840,691,794,240
16,2020-03-13T17:00:00,5,Puglia,3,42,41.12559576,16.86736689,,,25,77,ITA,1449,2,129,79,121,23
20,2020-03-13T17:00:00,0,Sardegna,0,31,39.21531192,9.110616306,,,4,12,ITA,504,0,43,12,43,4
19,2020-03-13T17:00:00,2,Sicilia,2,82,38.11569725,13.3623567,,,15,37,ITA,1950,7,130,44,126,15
9,2020-03-13T17:00:00,5,Toscana,10,244,43.76923077,11.25588885,,,106,134,ITA,4049,77,470,211,455,103
4,2020-03-13T17:00:00,2,P.A. Trento,4,93,46.06893511,11.12123097,,,56,58,ITA,846,6,163,64,157,55
10,2020-03-13T17:00:00,1,Umbria,2,52,43.10675841,12.38824698,,,12,11,ITA,576,10,76,21,73,11
2,2020-03-13T17:00:00,1,Valle d'Aosta,0,21,45.73750286,7.320149366,,,1,6,ITA,189,0,28,6,27,1
5,2020-03-13T17:00:00,42,Veneto,100,980,45.43490485,12.33845213,,,211,366,ITA,25691,107,1595,473,1453,156
13,2020-03-14T17:00:00,2,Abruzzo,4,41,42.35122196,13.39843823,,,23,51,ITA,1232,14,112,65,106,23
17,2020-03-14T17:00:00,0,Basilicata,0,8,40.63947052,15.80514834,,,0,0,ITA,155,2,10,2,10,0
4,2020-03-14T17:00:00,3,P.A. Bolzano,0,137,46.49933453,11.35662422,,,48,26,ITA,1135,7,173,33,170,47
18,2020-03-14T17:00:00,0,Calabria,1,33,38.90597598,16.59440194,,,22,22,ITA,711,4,60,26,59,22
15,2020-03-14T17:00:00,6,Campania,23,154,40.83956555,14.25084984,,,52,72,ITA,1936,17,272,89,243,30
8,2020-03-14T17:00:00,241,Emilia-Romagna,54,1121,44.49436681,11.3417208,,,381,1076,ITA,10043,152,2644,1228,2349,338
6,2020-03-14T17:00:00,13,Friuli Venezia Giulia,17,193,45.6494354,13.76813649,,,44,67,ITA,3376,11,301,78,271,35
12,2020-03-14T17:00:00,13,Lazio,24,114,41.89277044,12.48366722,,,80,181,ITA,7335,25,357,206,320,78
7,2020-03-14T17:00:00,27,Liguria,52,109,44.41149315,8.9326992,,,118,213,ITA,1750,62,463,275,384,80
3,2020-03-14T17:00:00,966,Lombardia,1660,3429,45.46679409,9.190347404,,,1865,4898,ITA,37138,732,11685,5630,9059,1327
11,2020-03-14T17:00:00,36,Marche,0,321,43.61675973,13.5188753,,,174,449,ITA,2561,93,899,542,863,165
14,2020-03-14T17:00:00,0,Molise,0,9,41.55774754,14.65916051,,,0,5,ITA,247,3,17,8,17,0
1,2020-03-14T17:00:00,59,Piemonte,0,126,45.0732745,7.680687483,,,33,538,ITA,3680,150,873,688,814,20
16,2020-03-14T17:00:00,8,Puglia,2,59,41.12559576,16.86736689,,,37,91,ITA,1681,6,166,97,156,35
20,2020-03-14T17:00:00,0,Sardegna,0,33,39.21531192,9.110616306,,,4,14,ITA,530,0,47,14,47,4
19,2020-03-14T17:00:00,2,Sicilia,4,97,38.11569725,13.3623567,,,26,42,ITA,2100,11,156,53,150,24
9,2020-03-14T17:00:00,6,Toscana,10,367,43.76923077,11.25588885,,,160,160,ITA,4595,87,630,247,614,159
4,2020-03-14T17:00:00,2,P.A. Trento,5,119,46.06893511,11.12123097,,,43,68,ITA,1006,12,206,80,199,42
10,2020-03-14T17:00:00,1,Umbria,3,71,43.10675841,12.38824698,,,31,21,ITA,748,11,107,32,103,30
2,2020-03-14T17:00:00,1,Valle d'Aosta,0,29,45.73750286,7.320149366,,,14,12,ITA,231,0,42,12,41,14
5,2020-03-14T17:00:00,55,Veneto,107,1290,45.43490485,12.33845213,,,342,366,ITA,26980,119,1937,485,1775,322
13,2020-03-15T17:00:00,3,Abruzzo,6,28,42.35122196,13.39843823,,,25,72,ITA,1419,28,137,100,128,22
17,2020-03-15T17:00:00,0,Basilicata,0,9,40.63947052,15.80514834,,,1,0,ITA,208,2,11,2,11,1
4,2020-03-15T17:00:00,5,P.A. Bolzano,0,145,46.49933453,11.35662422,,,31,50,ITA,1497,4,204,54,199,29
18,2020-03-15T17:00:00,1,Calabria,1,28,38.90597598,16.59440194,,,8,32,ITA,884,6,68,38,66,7
15,2020-03-15T17:00:00,9,Campania,28,201,40.83956555,14.25084984,,,61,73,ITA,2213,22,333,95,296,53
8,2020-03-15T17:00:00,284,Emilia-Romagna,68,1357,44.49436681,11.3417208,,,449,1215,ITA,12054,169,3093,1384,2741,392
6,2020-03-15T17:00:00,14,Friuli Venezia Giulia,17,206,45.6494354,13.76813649,,,46,98,ITA,3407,12,347,110,316,45
12,2020-03-15T17:00:00,16,Lazio,24,142,41.89277044,12.48366722,,,79,223,ITA,8345,31,436,254,396,76
7,2020-03-15T17:00:00,33,Liguria,33,174,44.41149315,8.9326992,,,96,253,ITA,1973,66,559,319,493,109
3,2020-03-15T17:00:00,1218,Lombardia,2011,3776,45.46679409,9.190347404,,,1587,5500,ITA,40369,767,13272,6267,10043,984
11,2020-03-15T17:00:00,46,Marche,0,468,43.61675973,13.5188753,,,234,521,ITA,2946,98,1133,619,1087,224
14,2020-03-15T17:00:00,0,Molise,0,10,41.55774754,14.65916051,,,0,3,ITA,248,4,17,7,17,0
1,2020-03-15T17:00:00,81,Piemonte,0,133,45.0732745,7.680687483,,,238,726,ITA,4375,171,1111,897,1030,216
16,2020-03-15T17:00:00,16,Puglia,2,90,41.12559576,16.86736689,,,64,116,ITA,2017,6,230,122,212,56
20,2020-03-15T17:00:00,2,Sardegna,0,59,39.21531192,9.110616306,,,30,16,ITA,613,0,77,16,75,28
19,2020-03-15T17:00:00,2,Sicilia,7,108,38.11569725,13.3623567,,,32,56,ITA,2452,15,188,71,179,29
9,2020-03-15T17:00:00,8,Toscana,10,481,43.76923077,11.25588885,,,151,175,ITA,5132,107,781,282,763,149
4,2020-03-15T17:00:00,6,P.A. Trento,5,275,46.06893511,11.12123097,,,172,73,ITA,1006,19,378,92,367,168
10,2020-03-15T17:00:00,1,Umbria,3,101,43.10675841,12.38824698,,,36,25,ITA,965,13,143,38,139,36
2,2020-03-15T17:00:00,1,Valle d'Aosta,0,43,45.73750286,7.320149366,,,15,10,ITA,230,3,57,13,56,15
5,2020-03-15T17:00:00,63,Veneto,120,1434,45.43490485,12.33845213,,,235,426,ITA,32546,129,2172,555,1989,214
13,2020-03-16T17:00:00,4,Abruzzo,7,57,42.35122196,13.39843823,,,39,71,ITA,1533,37,176,108,165,37
17,2020-03-16T17:00:00,0,Basilicata,0,9,40.63947052,15.80514834,,,1,1,ITA,230,2,12,3,12,1
4,2020-03-16T17:00:00,6,P.A. Bolzano,0,171,46.49933453,11.35662422,,,37,53,ITA,1740,11,241,64,235,36
18,2020-03-16T17:00:00,1,Calabria,1,44,38.90597598,16.59440194,,,21,36,ITA,1030,7,89,43,87,21
15,2020-03-16T17:00:00,9,Campania,28,238,40.83956555,14.25084984,,,67,103,ITA,2517,22,400,125,363,67
8,2020-03-16T17:00:00,346,Emilia-Romagna,88,1529,44.49436681,11.3417208,,,429,1362,ITA,13096,197,3522,1559,3088,347
6,2020-03-16T17:00:00,22,Friuli Venezia Giulia,18,231,45.6494354,13.76813649,,,39,96,ITA,4851,19,386,115,346,30
12,2020-03-16T17:00:00,19,Lazio,32,174,41.89277044,12.48366722,,,87,267,ITA,9330,31,523,298,472,76
7,2020-03-16T17:00:00,50,Liguria,42,247,44.41149315,8.9326992,,,108,255,ITA,2189,73,667,328,575,82
3,2020-03-16T17:00:00,1420,Lombardia,2368,3867,45.46679409,9.190347404,,,1377,6171,ITA,43565,823,14649,6994,10861,818
11,2020-03-16T17:00:00,57,Marche,0,547,43.61675973,13.5188753,,,109,528,ITA,3225,110,1242,638,1185,98
14,2020-03-16T17:00:00,1,Molise,5,7,41.55774754,14.65916051,,,4,3,ITA,253,5,21,8,15,-2
1,2020-03-16T17:00:00,111,Piemonte,0,174,45.0732745,7.680687483,,,405,1045,ITA,5588,186,1516,1231,1405,375
16,2020-03-16T17:00:00,16,Puglia,2,90,41.12559576,16.86736689,nd-EN-0005,nd-IT-0005,0,116,ITA,2017,6,230,122,212,0
20,2020-03-16T17:00:00,2,Sardegna,0,66,39.21531192,9.110616306,,,30,39,ITA,797,0,107,39,105,30
19,2020-03-16T17:00:00,2,Sicilia,8,108,38.11569725,13.3623567,,,25,75,ITA,2653,20,213,95,203,24
9,2020-03-16T17:00:00,14,Toscana,11,559,43.76923077,11.25588885,,,85,175,ITA,5910,107,866,282,841,78
4,2020-03-16T17:00:00,6,P.A. Trento,5,275,46.06893511,11.12123097,nd-EN-0003,nd-IT-0003,0,73,ITA,1006,19,378,92,367,0
10,2020-03-16T17:00:00,1,Umbria,4,114,43.10675841,12.38824698,,,21,30,ITA,1093,15,164,45,159,20
2,2020-03-16T17:00:00,2,Valle d'Aosta,0,70,45.73750286,7.320149366,,,48,28,ITA,287,5,105,33,103,47
5,2020-03-16T17:00:00,69,Veneto,130,1620,45.43490485,12.33845213,,,301,498,ITA,35052,156,2473,654,2274,285
13,2020-03-17T17:00:00,6,Abruzzo,7,90,42.35122196,13.39843823,,,53,94,ITA,1688,32,229,126,216,51
17,2020-03-17T17:00:00,0,Basilicata,0,13,40.63947052,15.80514834,,,8,5,ITA,262,2,20,7,20,8
4,2020-03-17T17:00:00,8,P.A. Bolzano,1,200,46.49933453,11.35662422,,,50,71,ITA,2149,11,291,82,282,47
18,2020-03-17T17:00:00,1,Calabria,1,57,38.90597598,16.59440194,,,25,45,ITA,1293,10,114,55,112,25
15,2020-03-17T17:00:00,9,Campania,28,272,40.83956555,14.25084984,,,60,127,ITA,2685,24,460,151,423,60
8,2020-03-17T17:00:00,393,Emilia-Romagna,134,1615,44.49436681,11.3417208,nd-EN-0008,nd-IT-0008,409,1566,ITA,14510,223,3931,1789,3404,316
6,2020-03-17T17:00:00,30,Friuli Venezia Giulia,17,222,45.6494354,13.76813649,,,8,104,ITA,4958,21,394,125,347,1
12,2020-03-17T17:00:00,23,Lazio,34,192,41.89277044,12.48366722,,,84,314,ITA,9436,44,607,358,550,78
7,2020-03-17T17:00:00,60,Liguria,57,277,44.41149315,8.9326992,,,111,299,ITA,2509,85,778,384,661,86
3,2020-03-17T17:00:00,1640,Lombardia,2485,4263,45.46679409,9.190347404,,,1571,6953,ITA,46449,879,16220,7832,12095,1234
11,2020-03-17T17:00:00,69,Marche,0,594,43.61675973,13.5188753,,,129,599,ITA,3225,109,1371,708,1302,117
14,2020-03-17T17:00:00,1,Molise,5,7,41.55774754,14.65916051,,,4,7,ITA,301,5,25,12,19,4
1,2020-03-17T17:00:00,133,Piemonte,0,180,45.0732745,7.680687483,,,381,1378,ITA,6543,206,1897,1584,1764,359
16,2020-03-17T17:00:00,18,Puglia,2,151,41.12559576,16.86736689,,,110,155,ITA,3077,14,340,169,320,108
20,2020-03-17T17:00:00,2,Sardegna,0,75,39.21531192,9.110616306,,,10,36,ITA,1003,4,117,40,115,10
19,2020-03-17T17:00:00,3,Sicilia,8,112,38.11569725,13.3623567,,,24,86,ITA,2916,28,237,114,226,23
9,2020-03-17T17:00:00,17,Toscana,12,552,43.76923077,11.25588885,,,187,329,ITA,6727,143,1053,472,1024,183
4,2020-03-17T17:00:00,7,P.A. Trento,10,239,46.06893511,11.12123097,,,7,107,ITA,1727,22,385,129,368,1
10,2020-03-17T17:00:00,1,Umbria,4,135,43.10675841,12.38824698,,,33,36,ITA,1323,21,197,57,192,33
2,2020-03-17T17:00:00,2,Valle d'Aosta,0,93,45.73750286,7.320149366,,,31,35,ITA,398,6,136,41,134,31
5,2020-03-17T17:00:00,80,Veneto,136,1769,45.43490485,12.33845213,,,231,548,ITA,35478,171,2704,719,2488,214
13,2020-03-18T17:00:00,7,Abruzzo,7,109,42.35122196,13.39843823,,,34,99,ITA,2054,41,263,140,249,33
17,2020-03-18T17:00:00,0,Basilicata,0,16,40.63947052,15.80514834,,,7,9,ITA,262,2,27,11,27,7
4,2020-03-18T17:00:00,9,P.A. Bolzano,1,269,46.49933453,11.35662422,,,85,79,ITA,2844,18,376,97,366,84
18,2020-03-18T17:00:00,1,Calabria,2,70,38.90597598,16.59440194,,,15,45,ITA,1668,11,129,56,126,14
15,2020-03-18T17:00:00,9,Campania,28,272,40.83956555,14.25084984,nd-EN-0013,nd-IT-0013,0,127,ITA,2685,24,460,151,423,0
8,2020-03-18T17:00:00,458,Emilia-Romagna,152,1884,44.49436681,11.3417208,nd-EN-0011,nd-IT-0011,594,1784,ITA,15461,247,4525,2031,3915,511
6,2020-03-18T17:00:00,31,Friuli Venezia Giulia,15,261,45.6494354,13.76813649,,,68,128,ITA,4958,27,462,155,416,69
12,2020-03-18T17:00:00,32,Lazio,42,232,41.89277044,12.48366722,,,117,374,ITA,11145,44,724,418,650,100
7,2020-03-18T17:00:00,73,Liguria,70,243,44.41149315,8.9326992,,,109,401,ITA,2912,100,887,501,744,83
3,2020-03-18T17:00:00,1959,Lombardia,3488,4057,45.46679409,9.190347404,,,1493,7285,ITA,48983,924,17713,8209,12266,171
11,2020-03-18T17:00:00,92,Marche,0,719,43.61675973,13.5188753,,,197,638,ITA,4109,119,1568,757,1476,174
14,2020-03-18T17:00:00,1,Molise,6,8,41.55774754,14.65916051,,,3,7,ITA,361,6,28,13,21,2
1,2020-03-18T17:00:00,154,Piemonte,0,180,45.0732745,7.680687483,,,444,1780,ITA,7516,227,2341,2007,2187,423
16,2020-03-18T17:00:00,19,Puglia,2,176,41.12559576,16.86736689,,,43,156,ITA,3433,30,383,186,362,42
20,2020-03-18T17:00:00,2,Sardegna,0,83,39.21531192,9.110616306,,,17,42,ITA,1135,7,134,49,132,17
19,2020-03-18T17:00:00,3,Sicilia,12,138,38.11569725,13.3623567,,,45,100,ITA,3294,29,282,129,267,41
9,2020-03-18T17:00:00,22,Toscana,17,704,43.76923077,11.25588885,,,277,427,ITA,7606,160,1330,587,1291,267
4,2020-03-18T17:00:00,7,P.A. Trento,12,273,46.06893511,11.12123097,,,70,141,ITA,2187,22,455,163,436,68
10,2020-03-18T17:00:00,2,Umbria,4,166,43.10675841,12.38824698,,,50,54,ITA,1601,21,247,75,241,49
2,2020-03-18T17:00:00,3,Valle d'Aosta,0,118,45.73750286,7.320149366,,,29,41,ITA,486,3,165,44,162,28
5,2020-03-18T17:00:00,94,Veneto,167,2112,45.43490485,12.33845213,,,510,646,ITA,40841,195,3214,841,2953,465
13,2020-03-19T17:00:00,11,Abruzzo,8,138,42.35122196,13.39843823,,,122,181,ITA,2409,47,385,228,366,117
17,2020-03-19T17:00:00,0,Basilicata,0,24,40.63947052,15.80514834,,,10,8,ITA,353,5,37,13,37,10
4,2020-03-19T17:00:00,14,P.A. Bolzano,1,316,46.49933453,11.35662422,,,60,87,ITA,3568,18,436,105,421,55
18,2020-03-19T17:00:00,3,Calabria,2,91,38.90597598,16.59440194,,,40,60,ITA,2342,13,169,73,164,38
15,2020-03-19T17:00:00,17,Campania,30,356,40.83956555,14.25084984,,,192,213,ITA,3544,36,652,249,605,182
8,2020-03-19T17:00:00,531,Emilia-Romagna,177,2346,44.49436681,11.3417208,,,689,1900,ITA,18344,260,5214,2160,4506,591
6,2020-03-19T17:00:00,36,Friuli Venezia Giulia,41,359,45.6494354,13.76813649,,,137,134,ITA,4052,29,599,163,522,106
12,2020-03-19T17:00:00,38,Lazio,44,270,41.89277044,12.48366722,,,99,426,ITA,11145,45,823,471,741,91
7,2020-03-19T17:00:00,91,Liguria,85,280,44.41149315,8.9326992,,,172,491,ITA,3348,112,1059,603,883,139
3,2020-03-19T17:00:00,2168,Lombardia,3778,5545,45.46679409,9.190347404,,,2171,7387,ITA,52244,1006,19884,8393,13938,1672
11,2020-03-19T17:00:00,115,Marche,0,825,43.61675973,13.5188753,,,169,656,ITA,4512,141,1737,797,1622,146
14,2020-03-19T17:00:00,2,Molise,6,13,41.55774754,14.65916051,,,18,19,ITA,426,6,46,25,38,17
1,2020-03-19T17:00:00,175,Piemonte,3,218,45.0732745,7.680687483,,,591,2279,ITA,8853,257,2932,2536,2754,567
16,2020-03-19T17:00:00,25,Puglia,4,245,41.12559576,16.86736689,,,95,173,ITA,4046,31,478,204,449,87
20,2020-03-19T17:00:00,2,Sardegna,0,152,39.21531192,9.110616306,,,72,43,ITA,1334,9,206,52,204,72
19,2020-03-19T17:00:00,4,Sicilia,15,142,38.11569725,13.3623567,,,58,143,ITA,3961,36,340,179,321,54
9,2020-03-19T17:00:00,38,Toscana,22,743,43.76923077,11.25588885,,,152,501,ITA,8873,178,1482,679,1422,131
4,2020-03-19T17:00:00,12,P.A. Trento,20,292,46.06893511,11.12123097,,,68,169,ITA,2203,30,523,199,491,55
10,2020-03-19T17:00:00,2,Umbria,4,238,43.10675841,12.38824698,,,87,69,ITA,1954,21,334,90,328,87
2,2020-03-19T17:00:00,6,Valle d'Aosta,0,153,45.73750286,7.320149366,,,50,47,ITA,608,9,215,56,209,47
5,2020-03-19T17:00:00,115,Veneto,200,2189,45.43490485,12.33845213,,,270,771,ITA,44658,209,3484,980,3169,216
13,2020-03-20T17:00:00,17,Abruzzo,10,184,42.35122196,13.39843823,,,64,190,ITA,2695,48,449,238,422,56
17,2020-03-20T17:00:00,0,Basilicata,0,39,40.63947052,15.80514834,,,15,8,ITA,443,5,52,13,52,15
4,2020-03-20T17:00:00,17,P.A. Bolzano,1,407,46.49933453,11.35662422,,,112,99,ITA,4433,24,548,123,530,109
18,2020-03-20T17:00:00,4,Calabria,2,114,38.90597598,16.59440194,,,38,71,ITA,2690,16,207,87,201,37
15,2020-03-20T17:00:00,17,Campania,30,531,40.83956555,14.25084984,,,97,130,ITA,3845,41,749,171,702,97
8,2020-03-20T17:00:00,640,Emilia-Romagna,239,2739,44.49436681,11.3417208,,,754,2083,ITA,20753,267,5968,2350,5089,583
6,2020-03-20T17:00:00,38,Friuli Venezia Giulia,63,380,45.6494354,13.76813649,,,57,143,ITA,4964,32,656,175,555,33
12,2020-03-20T17:00:00,43,Lazio,53,328,41.89277044,12.48366722,,,185,537,ITA,13889,47,1008,584,912,171
7,2020-03-20T17:00:00,119,Liguria,101,307,44.41149315,8.9326992,,,162,573,ITA,3794,121,1221,694,1001,118
3,2020-03-20T17:00:00,2549,Lombardia,4295,6635,45.46679409,9.190347404,,,2380,7735,ITA,57174,1050,22264,8785,15420,1482
11,2020-03-20T17:00:00,137,Marche,0,1002,43.61675973,13.5188753,,,244,704,ITA,5170,138,1981,842,1844,222
14,2020-03-20T17:00:00,5,Molise,6,13,41.55774754,14.65916051,,,4,20,ITA,426,6,50,26,39,1
1,2020-03-20T17:00:00,209,Piemonte,8,1423,45.0732745,7.680687483,,,529,1541,ITA,9975,280,3461,1821,3244,490
16,2020-03-20T17:00:00,26,Puglia,4,329,41.12559576,16.86736689,,,103,191,ITA,4789,31,581,222,551,102
20,2020-03-20T17:00:00,2,Sardegna,3,217,39.21531192,9.110616306,,,87,56,ITA,1912,15,293,71,288,84
19,2020-03-20T17:00:00,4,Sicilia,25,169,38.11569725,13.3623567,,,68,168,ITA,4468,42,408,210,379,58
9,2020-03-20T17:00:00,47,Toscana,33,923,43.76923077,11.25588885,,,311,601,ITA,10405,189,1793,790,1713,291
4,2020-03-20T17:00:00,13,P.A. Trento,29,368,46.06893511,11.12123097,,,119,198,ITA,2656,34,642,232,600,109
10,2020-03-20T17:00:00,7,Umbria,4,285,43.10675841,12.38824698,,,61,75,ITA,2303,24,395,99,384,56
2,2020-03-20T17:00:00,7,Valle d'Aosta,0,194,45.73750286,7.320149366,,,49,54,ITA,814,9,264,63,257,48
5,2020-03-20T17:00:00,131,Veneto,223,2598,45.43490485,12.33845213,,,547,843,ITA,49288,236,4031,1079,3677,508
13,2020-03-21T17:00:00,22,Abruzzo,13,265,42.35122196,13.39843823,,,80,185,ITA,3035,44,529,229,494,72
17,2020-03-21T17:00:00,0,Basilicata,0,47,40.63947052,15.80514834,,,14,12,ITA,522,7,66,19,66,14
4,2020-03-21T17:00:00,20,P.A. Bolzano,1,443,46.49933453,11.35662422,,,73,127,ITA,5179,30,621,157,600,70
18,2020-03-21T17:00:00,5,Calabria,5,136,38.90597598,16.59440194,,,28,73,ITA,3050,16,235,89,225,24
15,2020-03-21T17:00:00,22,Campania,29,473,40.83956555,14.25084984,,,95,233,ITA,4448,87,844,320,793,91
8,2020-03-21T17:00:00,715,Emilia-Romagna,329,3129,44.49436681,11.3417208,,,737,2267,ITA,24620,265,6705,2532,5661,572
6,2020-03-21T17:00:00,42,Friuli Venezia Giulia,82,477,45.6494354,13.76813649,,,134,152,ITA,5955,37,790,189,666,111
12,2020-03-21T17:00:00,50,Lazio,54,425,41.89277044,12.48366722,,,182,591,ITA,13889,70,1190,661,1086,174
7,2020-03-21T17:00:00,152,Liguria,125,432,44.41149315,8.9326992,,,215,598,ITA,4304,129,1436,727,1159,158
3,2020-03-21T17:00:00,3095,Lombardia,5050,8019,45.46679409,9.190347404,,,3251,8258,ITA,66730,1093,25515,9351,17370,1950
11,2020-03-21T17:00:00,154,Marche,2,1114,43.61675973,13.5188753,,,172,742,ITA,5740,141,2153,883,1997,153
14,2020-03-21T17:00:00,7,Molise,7,20,41.55774754,14.65916051,,,11,21,ITA,449,6,61,27,47,8
1,2020-03-21T17:00:00,238,Piemonte,8,1229,45.0732745,7.680687483,,,291,1976,ITA,10701,301,3752,2277,3506,262
16,2020-03-21T17:00:00,29,Puglia,4,400,41.12559576,16.86736689,,,94,209,ITA,5617,33,675,242,642,91
20,2020-03-21T17:00:00,4,Sardegna,5,240,39.21531192,9.110616306,,,37,65,ITA,2297,16,330,81,321,33
19,2020-03-21T17:00:00,6,Sicilia,26,204,38.11569725,13.3623567,,,82,206,ITA,4883,48,490,254,458,79
9,2020-03-21T17:00:00,72,Toscana,35,1039,43.76923077,11.25588885,,,219,664,ITA,11909,202,2012,866,1905,192
4,2020-03-21T17:00:00,28,P.A. Trento,34,448,46.06893511,11.12123097,,,140,233,ITA,2656,39,782,272,720,120
10,2020-03-21T17:00:00,10,Umbria,5,326,43.10675841,12.38824698,,,67,92,ITA,2712,29,462,121,447,63
2,2020-03-21T17:00:00,8,Valle d'Aosta,1,227,45.73750286,7.320149366,,,49,62,ITA,884,15,313,77,304,47
5,2020-03-21T17:00:00,146,Veneto,257,3023,45.43490485,12.33845213,,,586,942,ITA,53642,249,4617,1191,4214,537
13,2020-03-22T17:00:00,33,Abruzzo,15,272,42.35122196,13.39843823,,,58,218,ITA,3375,49,587,267,539,45
17,2020-03-22T17:00:00,0,Basilicata,0,58,40.63947052,15.80514834,,,15,13,ITA,643,10,81,23,81,15
4,2020-03-22T17:00:00,23,P.A. Bolzano,7,470,46.49933453,11.35662422,,,57,146,ITA,5718,32,678,178,648,48
18,2020-03-22T17:00:00,8,Calabria,5,166,38.90597598,16.59440194,,,38,77,ITA,3666,17,273,94,260,35
15,2020-03-22T17:00:00,29,Campania,41,524,40.83956555,14.25084984,,,92,243,ITA,4943,99,936,342,866,73
8,2020-03-22T17:00:00,816,Emilia-Romagna,349,3692,44.49436681,11.3417208,,,850,2429,ITA,28022,269,7555,2698,6390,729
6,2020-03-22T17:00:00,47,Friuli Venezia Giulia,89,528,45.6494354,13.76813649,,,84,163,ITA,6761,47,874,210,738,72
12,2020-03-22T17:00:00,53,Lazio,58,522,41.89277044,12.48366722,,,193,671,ITA,17845,79,1383,750,1272,186
7,2020-03-22T17:00:00,171,Liguria,143,483,44.41149315,8.9326992,,,229,736,ITA,4995,132,1665,868,1351,192
3,2020-03-22T17:00:00,3456,Lombardia,5865,7304,45.46679409,9.190347404,,,1691,9439,ITA,70598,1142,27206,10581,17885,515
11,2020-03-22T17:00:00,184,Marche,6,1277,43.61675973,13.5188753,,,268,816,ITA,6391,138,2421,954,2231,234
14,2020-03-22T17:00:00,7,Molise,7,21,41.55774754,14.65916051,,,5,24,ITA,532,7,66,31,52,5
1,2020-03-22T17:00:00,283,Piemonte,10,1701,45.0732745,7.680687483,,,668,2118,ITA,12701,308,4420,2426,4127,621
16,2020-03-22T17:00:00,31,Puglia,7,459,41.12559576,16.86736689,,,111,252,ITA,6160,37,786,289,748,106
20,2020-03-22T17:00:00,7,Sardegna,5,244,39.21531192,9.110616306,,,9,67,ITA,2402,16,339,83,327,6
19,2020-03-22T17:00:00,8,Sicilia,26,321,38.11569725,13.3623567,,,140,220,ITA,5580,55,630,275,596,138
9,2020-03-22T17:00:00,91,Toscana,42,1223,43.76923077,11.25588885,,,265,706,ITA,13264,215,2277,921,2144,239
4,2020-03-22T17:00:00,35,P.A. Trento,34,604,46.06893511,11.12123097,,,172,235,ITA,3050,46,954,281,885,165
10,2020-03-22T17:00:00,16,Umbria,5,368,43.10675841,12.38824698,,,59,97,ITA,3135,35,521,132,500,53
2,2020-03-22T17:00:00,9,Valle d'Aosta,1,270,45.73750286,7.320149366,,,51,63,ITA,950,21,364,84,354,50
5,2020-03-22T17:00:00,169,Veneto,309,3276,45.43490485,12.33845213,,,505,1113,ITA,57671,255,5122,1368,4644,430
13,2020-03-23T17:00:00,38,Abruzzo,20,325,42.35122196,13.39843823,,,76,228,ITA,3674,52,663,280,605,66
17,2020-03-23T17:00:00,1,Basilicata,0,62,40.63947052,15.80514834,,,9,15,ITA,696,12,90,27,89,8
4,2020-03-23T17:00:00,29,P.A. Bolzano,7,510,46.49933453,11.35662422,,,46,145,ITA,6084,33,724,178,688,40
18,2020-03-23T17:00:00,7,Calabria,5,178,38.90597598,16.59440194,,,19,82,ITA,4073,20,292,102,280,20
15,2020-03-23T17:00:00,49,Campania,48,553,40.83956555,14.25084984,,,90,266,ITA,5813,110,1026,376,929,63
8,2020-03-23T17:00:00,892,Emilia-Romagna,423,4098,44.49436681,11.3417208,,,980,2846,ITA,31200,276,8535,3122,7220,830
6,2020-03-23T17:00:00,54,Friuli Venezia Giulia,105,545,45.6494354,13.76813649,,,56,185,ITA,7424,41,930,226,771,33
12,2020-03-23T17:00:00,63,Lazio,63,600,41.89277044,12.48366722,,,157,718,ITA,18371,96,1540,814,1414,142
7,2020-03-23T17:00:00,212,Liguria,159,659,44.41149315,8.9326992,,,259,761,ITA,5538,133,1924,894,1553,202
3,2020-03-23T17:00:00,3776,Lombardia,6075,8461,45.46679409,9.190347404,,,1555,9266,ITA,73242,1183,28761,10449,18910,1025
11,2020-03-23T17:00:00,203,Marche,8,1328,43.61675973,13.5188753,,,148,882,ITA,6782,148,2569,1030,2358,127
14,2020-03-23T17:00:00,7,Molise,10,18,41.55774754,14.65916051,,,1,25,ITA,532,7,67,32,50,-2
1,2020-03-23T17:00:00,315,Piemonte,17,1992,45.0732745,7.680687483,,,441,2194,ITA,13560,343,4861,2537,4529,402
16,2020-03-23T17:00:00,37,Puglia,7,532,41.12559576,16.86736689,,,120,285,ITA,6761,45,906,330,862,114
20,2020-03-23T17:00:00,11,Sardegna,5,249,39.21531192,9.110616306,,,20,76,ITA,2568,18,359,94,343,16
19,2020-03-23T17:00:00,13,Sicilia,27,371,38.11569725,13.3623567,,,91,250,ITA,6375,60,721,310,681,85
9,2020-03-23T17:00:00,109,Toscana,51,1225,43.76923077,11.25588885,,,184,838,ITA,13851,238,2461,1076,2301,157
4,2020-03-23T17:00:00,41,P.A. Trento,68,619,46.06893511,11.12123097,,,69,249,ITA,3150,46,1023,295,914,29
10,2020-03-23T17:00:00,16,Umbria,5,408,43.10675841,12.38824698,,,56,106,ITA,3561,42,577,148,556,56
2,2020-03-23T17:00:00,12,Valle d'Aosta,2,290,45.73750286,7.320149366,,,29,69,ITA,1098,20,393,89,379,25
5,2020-03-23T17:00:00,192,Veneto,327,3499,45.43490485,12.33845213,,,383,1206,ITA,61115,281,5505,1487,4986,342
13,2020-03-24T17:00:00,46,Abruzzo,21,331,42.35122196,13.39843823,,,26,234,ITA,4294,57,689,291,622,17
17,2020-03-24T17:00:00,1,Basilicata,0,65,40.63947052,15.80514834,,,2,14,ITA,744,12,92,26,91,2
4,2020-03-24T17:00:00,38,P.A. Bolzano,44,495,46.49933453,11.35662422,,,57,166,ITA,6509,38,781,204,699,11
18,2020-03-24T17:00:00,10,Calabria,5,195,38.90597598,16.59440194,,,27,88,ITA,4486,21,319,109,304,24
15,2020-03-24T17:00:00,56,Campania,53,466,40.83956555,14.25084984,,,75,345,ITA,6297,181,1101,526,992,63
8,2020-03-24T17:00:00,985,Emilia-Romagna,558,4446,44.49436681,11.3417208,,,719,2974,ITA,33527,291,9254,3265,7711,491
6,2020-03-24T17:00:00,64,Friuli Venezia Giulia,80,604,45.6494354,13.76813649,,,62,195,ITA,8526,49,992,244,848,77
12,2020-03-24T17:00:00,80,Lazio,103,704,41.89277044,12.48366722,,,188,747,ITA,18371,94,1728,841,1545,131
7,2020-03-24T17:00:00,231,Liguria,193,742,44.41149315,8.9326992,,,192,803,ITA,5992,147,2116,950,1692,139
3,2020-03-24T17:00:00,4178,Lombardia,6657,8963,45.46679409,9.190347404,,,1942,9711,ITA,76695,1194,30703,10905,19868,958
11,2020-03-24T17:00:00,231,Marche,8,1486,43.61675973,13.5188753,,,167,862,ITA,7229,149,2736,1011,2497,139
14,2020-03-24T17:00:00,8,Molise,10,21,41.55774754,14.65916051,,,6,27,ITA,572,7,73,34,55,5
1,2020-03-24T17:00:00,374,Piemonte,17,2360,45.0732745,7.680687483,,,654,2404,ITA,15469,360,5515,2764,5124,595
16,2020-03-24T17:00:00,44,Puglia,21,566,41.12559576,16.86736689,,,99,317,ITA,7345,57,1005,374,940,78
20,2020-03-24T17:00:00,15,Sardegna,11,296,39.21531192,9.110616306,,,62,80,ITA,2859,19,421,99,395,52
19,2020-03-24T17:00:00,20,Sicilia,27,489,38.11569725,13.3623567,,,125,250,ITA,7170,60,846,310,799,118
9,2020-03-24T17:00:00,129,Toscana,51,1357,43.76923077,11.25588885,,,238,918,ITA,15701,244,2699,1162,2519,218
4,2020-03-24T17:00:00,56,P.A. Trento,79,618,46.06893511,11.12123097,,,87,308,ITA,3712,49,1110,357,975,61
10,2020-03-24T17:00:00,19,Umbria,5,476,43.10675841,12.38824698,,,71,105,ITA,4108,43,648,148,624,68
2,2020-03-24T17:00:00,19,Valle d'Aosta,2,288,45.73750286,7.320149366,,,7,71,ITA,1180,20,400,91,379,0
5,2020-03-24T17:00:00,216,Veneto,381,3729,45.43490485,12.33845213,,,443,1318,ITA,66178,304,5948,1622,5351,365
13,2020-03-25T17:00:00,52,Abruzzo,23,431,42.35122196,13.39843823,,,124,248,ITA,4982,59,813,307,738,116
17,2020-03-25T17:00:00,1,Basilicata,0,78,40.63947052,15.80514834,,,21,20,ITA,857,14,113,34,112,21
4,2020-03-25T17:00:00,43,P.A. Bolzano,67,518,46.49933453,11.35662422,,,77,190,ITA,6649,40,858,230,748,49
18,2020-03-25T17:00:00,11,Calabria,7,217,38.90597598,16.59440194,,,32,93,ITA,5058,23,351,116,333,29
15,2020-03-25T17:00:00,74,Campania,53,631,40.83956555,14.25084984,,,98,318,ITA,6972,123,1199,441,1072,80
8,2020-03-25T17:00:00,1077,Emilia-Romagna,721,4782,44.49436681,11.3417208,,,800,3180,ITA,38045,294,10054,3474,8256,545
6,2020-03-25T17:00:00,70,Friuli Venezia Giulia,158,659,45.6494354,13.76813649,,,147,200,ITA,9494,52,1139,252,911,63
12,2020-03-25T17:00:00,95,Lazio,131,769,41.89277044,12.48366722,,,173,805,ITA,20669,101,1901,906,1675,130
7,2020-03-25T17:00:00,254,Liguria,225,752,44.41149315,8.9326992,,,189,927,ITA,6602,147,2305,1074,1826,134
3,2020-03-25T17:00:00,4474,Lombardia,7281,9329,45.46679409,9.190347404,,,1643,10026,ITA,81666,1236,32346,11262,20591,723
11,2020-03-25T17:00:00,287,Marche,8,1553,43.61675973,13.5188753,,,198,938,ITA,7896,148,2934,1086,2639,142
14,2020-03-25T17:00:00,8,Molise,12,20,41.55774754,14.65916051,,,0,26,ITA,580,7,73,33,53,-2
1,2020-03-25T17:00:00,449,Piemonte,19,2631,45.0732745,7.680687483,,,509,2544,ITA,16655,381,6024,2925,5556,432
16,2020-03-25T17:00:00,48,Puglia,22,610,41.12559576,16.86736689,,,88,349,ITA,8223,64,1093,413,1023,83
20,2020-03-25T17:00:00,18,Sardegna,12,311,39.21531192,9.110616306,,,21,82,ITA,3019,19,442,101,412,17
19,2020-03-25T17:00:00,25,Sicilia,33,597,38.11569725,13.3623567,,,148,259,ITA,8312,80,994,339,936,137
9,2020-03-25T17:00:00,142,Toscana,54,1526,43.76923077,11.25588885,,,273,999,ITA,17868,251,2972,1250,2776,257
4,2020-03-25T17:00:00,74,P.A. Trento,90,685,46.06893511,11.12123097,,,112,308,ITA,4114,65,1222,373,1058,83
10,2020-03-25T17:00:00,19,Umbria,5,519,43.10675841,12.38824698,,,62,123,ITA,4707,44,710,167,686,62
2,2020-03-25T17:00:00,24,Valle d'Aosta,2,280,45.73750286,7.320149366,,,1,70,ITA,1200,25,401,95,375,-4
5,2020-03-25T17:00:00,258,Veneto,439,4022,45.43490485,12.33845213,,,494,1407,ITA,70877,316,6442,1723,5745,394
13,2020-03-26T17:00:00,63,Abruzzo,23,516,42.35122196,13.39843823,,,133,280,ITA,5488,64,946,344,860,122
17,2020-03-26T17:00:00,1,Basilicata,0,95,40.63947052,15.80514834,,,21,22,ITA,1046,16,134,38,133,21
4,2020-03-26T17:00:00,48,P.A. Bolzano,67,525,46.49933453,11.35662422,,,48,223,ITA,7744,43,906,266,791,43
18,2020-03-26T17:00:00,14,Calabria,7,248,38.90597598,16.59440194,,,42,101,ITA,5933,23,393,124,372,39
15,2020-03-26T17:00:00,83,Campania,58,607,40.83956555,14.25084984,,,111,448,ITA,8346,114,1310,562,1169,97
8,2020-03-26T17:00:00,1174,Emilia-Romagna,792,5195,44.49436681,11.3417208,,,762,3354,ITA,42395,301,10816,3655,8850,594
6,2020-03-26T17:00:00,72,Friuli Venezia Giulia,197,688,45.6494354,13.76813649,,,84,212,ITA,10721,54,1223,266,954,43
12,2020-03-26T17:00:00,106,Lazio,155,844,41.89277044,12.48366722,,,195,878,ITA,22771,113,2096,991,1835,160
7,2020-03-26T17:00:00,280,Liguria,260,875,44.41149315,8.9326992,,,262,998,ITA,7304,154,2567,1152,2027,201
3,2020-03-26T17:00:00,4861,Lombardia,7839,10245,45.46679409,9.190347404,,,2543,10681,ITA,87713,1263,34889,11944,22189,1598
11,2020-03-26T17:00:00,310,Marche,9,1652,43.61675973,13.5188753,,,180,977,ITA,8623,166,3114,1143,2795,156
14,2020-03-26T17:00:00,8,Molise,14,46,41.55774754,14.65916051,,,30,27,ITA,670,8,103,35,81,28
1,2020-03-26T17:00:00,449,Piemonte,135,2909,45.0732745,7.680687483,pd-EN-0006,pd-IT-0006,510,2633,ITA,18054,408,6534,3041,5950,394
16,2020-03-26T17:00:00,65,Puglia,22,539,41.12559576,16.86736689,,,89,480,ITA,9191,76,1182,556,1095,72
20,2020-03-26T17:00:00,19,Sardegna,13,350,39.21531192,9.110616306,,,52,92,ITA,3461,20,494,112,462,50
19,2020-03-26T17:00:00,33,Sicilia,36,681,38.11569725,13.3623567,,,170,346,ITA,9658,68,1164,414,1095,159
9,2020-03-26T17:00:00,158,Toscana,95,1677,43.76923077,11.25588885,,,254,1037,ITA,20952,259,3226,1296,2973,197
4,2020-03-26T17:00:00,86,P.A. Trento,117,728,46.06893511,11.12123097,,,75,300,ITA,4600,66,1297,366,1094,36
10,2020-03-26T17:00:00,20,Umbria,12,580,43.10675841,12.38824698,,,92,144,ITA,5428,46,802,190,770,84
2,2020-03-26T17:00:00,28,Valle d'Aosta,2,281,45.73750286,7.320149366,,,7,73,ITA,1203,24,408,97,378,3
5,2020-03-26T17:00:00,287,Veneto,508,4367,45.43490485,12.33845213,,,493,1447,ITA,79759,326,6935,1773,6140,395
13,2020-03-27T17:00:00,68,Abruzzo,24,565,42.35122196,13.39843823,,,71,289,ITA,6109,71,1017,360,925,65
17,2020-03-27T17:00:00,3,Basilicata,1,110,40.63947052,15.80514834,,,17,22,ITA,1254,15,151,37,147,14
4,2020-03-27T17:00:00,60,P.A. Bolzano,110,539,46.49933453,11.35662422,,,97,249,ITA,8520,45,1003,294,833,42
18,2020-03-27T17:00:00,18,Calabria,7,344,38.90597598,16.59440194,,,101,103,ITA,6901,22,494,125,469,97
15,2020-03-27T17:00:00,98,Campania,64,723,40.83956555,14.25084984,,,144,456,ITA,9613,113,1454,569,1292,123
8,2020-03-27T17:00:00,1267,Emilia-Romagna,960,5592,44.49436681,11.3417208,,,772,3461,ITA,47798,308,11588,3769,9361,511
6,2020-03-27T17:00:00,76,Friuli Venezia Giulia,214,748,45.6494354,13.76813649,,,94,222,ITA,11841,57,1317,279,1027,73
12,2020-03-27T17:00:00,118,Lazio,164,895,41.89277044,12.48366722,,,199,992,ITA,24106,126,2295,1118,2013,178
7,2020-03-27T17:00:00,331,Liguria,305,880,44.41149315,8.9326992,,,129,1023,ITA,7804,157,2696,1180,2060,33
3,2020-03-27T17:00:00,5402,Lombardia,8001,11466,45.46679409,9.190347404,,,2409,11137,ITA,95860,1292,37298,12429,23895,1706
11,2020-03-27T17:00:00,336,Marche,10,1709,43.61675973,13.5188753,,,82,979,ITA,9060,162,3196,1141,2850,55
14,2020-03-27T17:00:00,9,Molise,14,51,41.55774754,14.65916051,,,6,26,ITA,710,9,109,35,86,5
1,2020-03-27T17:00:00,569,Piemonte,176,3064,45.0732745,7.680687483,,,558,2852,ITA,19705,431,7092,3283,6347,397
16,2020-03-27T17:00:00,69,Puglia,29,624,41.12559576,16.86736689,,,152,530,ITA,10233,82,1334,612,1236,141
20,2020-03-27T17:00:00,21,Sardegna,13,384,39.21531192,9.110616306,,,36,93,ITA,3801,19,530,112,496,34
19,2020-03-27T17:00:00,39,Sicilia,53,658,38.11569725,13.3623567,,,86,425,ITA,11079,75,1250,500,1158,63
9,2020-03-27T17:00:00,177,Toscana,103,1843,43.76923077,11.25588885,,,224,1053,ITA,23746,274,3450,1327,3170,197
4,2020-03-27T17:00:00,102,P.A. Trento,125,757,46.06893511,11.12123097,,,94,341,ITA,4923,66,1391,407,1164,70
10,2020-03-27T17:00:00,21,Umbria,39,629,43.10675841,12.38824698,,,82,149,ITA,6137,46,884,195,824,54
2,2020-03-27T17:00:00,37,Valle d'Aosta,2,298,45.73750286,7.320149366,,,44,91,ITA,1252,24,452,115,413,35
5,2020-03-27T17:00:00,313,Veneto,536,4774,45.43490485,12.33845213,,,562,1536,ITA,83627,338,7497,1874,6648,508
13,2020-03-28T17:00:00,76,Abruzzo,30,646,42.35122196,13.39843823,,,116,311,ITA,7003,70,1133,381,1027,102
17,2020-03-28T17:00:00,3,Basilicata,1,133,40.63947052,15.80514834,,,31,26,ITA,1421,19,182,45,178,31
4,2020-03-28T17:00:00,64,P.A. Bolzano,116,653,46.49933453,11.35662422,,,106,225,ITA,9168,51,1109,276,929,96
18,2020-03-28T17:00:00,21,Calabria,11,394,38.90597598,16.59440194,,,61,107,ITA,7760,22,555,129,523,54
15,2020-03-28T17:00:00,109,Campania,76,812,40.83956555,14.25084984,,,138,463,ITA,10616,132,1592,595,1407,115
8,2020-03-28T17:00:00,1344,Emilia-Romagna,1075,5953,44.49436681,11.3417208,,,795,3695,ITA,52991,316,12383,4011,9964,603
6,2020-03-28T17:00:00,87,Friuli Venezia Giulia,229,838,45.6494354,13.76813649,,,119,223,ITA,12723,59,1436,282,1120,93
12,2020-03-28T17:00:00,124,Lazio,200,1063,41.89277044,12.48366722,,,210,985,ITA,27179,133,2505,1118,2181,168
7,2020-03-28T17:00:00,358,Liguria,378,888,44.41149315,8.9326992,,,126,1031,ITA,8177,167,2822,1198,2086,26
3,2020-03-28T17:00:00,5944,Lombardia,8962,12038,45.46679409,9.190347404,,,2117,11152,ITA,102503,1319,39415,12471,24509,614
11,2020-03-28T17:00:00,364,Marche,10,1846,43.61675973,13.5188753,,,177,987,ITA,9884,166,3373,1153,2999,149
14,2020-03-28T17:00:00,9,Molise,16,63,41.55774754,14.65916051,,,14,26,ITA,807,9,123,35,98,12
1,2020-03-28T17:00:00,617,Piemonte,203,3318,45.0732745,7.680687483,,,579,3094,ITA,21511,439,7671,3533,6851,504
16,2020-03-28T17:00:00,71,Puglia,29,697,41.12559576,16.86736689,,,124,563,ITA,11500,98,1458,661,1358,122
20,2020-03-28T17:00:00,26,Sardegna,29,452,39.21531192,9.110616306,,,94,95,ITA,4225,22,624,117,569,73
19,2020-03-28T17:00:00,57,Sicilia,60,730,38.11569725,13.3623567,,,109,441,ITA,13096,71,1359,512,1242,84
9,2020-03-28T17:00:00,198,Toscana,108,2141,43.76923077,11.25588885,,,367,1093,ITA,25613,277,3817,1370,3511,341
4,2020-03-28T17:00:00,120,P.A. Trento,151,811,46.06893511,11.12123097,,,114,351,ITA,5561,72,1505,423,1234,70
10,2020-03-28T17:00:00,28,Umbria,43,695,43.10675841,12.38824698,,,85,159,ITA,7028,44,969,203,898,74
2,2020-03-28T17:00:00,41,Valle d'Aosta,2,352,45.73750286,7.320149366,,,59,90,ITA,1380,26,511,116,468,55
5,2020-03-28T17:00:00,362,Veneto,655,5010,45.43490485,12.33845213,,,433,1559,ITA,89380,344,7930,1903,6913,265
13,2020-03-29T17:00:00,88,Abruzzo,36,772,42.35122196,13.39843823,,,160,329,ITA,7730,68,1293,397,1169,142
17,2020-03-29T17:00:00,4,Basilicata,1,147,40.63947052,15.80514834,,,20,32,ITA,1585,18,202,50,197,19
4,2020-03-29T17:00:00,64,P.A. Bolzano,116,744,46.49933453,11.35662422,,,105,234,ITA,10137,56,1214,290,1034,105
18,2020-03-29T17:00:00,25,Calabria,12,434,38.90597598,16.59440194,,,59,124,ITA,8485,19,614,143,577,54
15,2020-03-29T17:00:00,117,Campania,86,945,40.83956555,14.25084984,,,167,476,ITA,11805,135,1759,611,1556,149
8,2020-03-29T17:00:00,1443,Emilia-Romagna,1141,6433,44.49436681,11.3417208,pd-EN-0008,pd-IT-0008,736,3769,ITA,52991,333,13119,4102,10535,571
6,2020-03-29T17:00:00,98,Friuli Venezia Giulia,241,845,45.6494354,13.76813649,,,44,236,ITA,13397,60,1480,296,1141,21
12,2020-03-29T17:00:00,136,Lazio,208,1167,41.89277044,12.48366722,,,201,1062,ITA,27744,133,2706,1195,2362,181
7,2020-03-29T17:00:00,377,Liguria,420,1036,44.41149315,8.9326992,,,254,1077,ITA,9100,166,3076,1243,2279,193
3,2020-03-29T17:00:00,6360,Lombardia,9255,12451,45.46679409,9.190347404,,,1592,11613,ITA,107398,1328,41007,12941,25392,883
11,2020-03-29T17:00:00,386,Marche,12,1992,43.61675973,13.5188753,,,185,1000,ITA,10431,168,3558,1168,3160,161
14,2020-03-29T17:00:00,9,Molise,18,66,41.55774754,14.65916051,,,4,25,ITA,918,9,127,34,100,2
1,2020-03-29T17:00:00,684,Piemonte,254,3840,45.0732745,7.680687483,,,535,2985,ITA,24058,443,8206,3428,7268,417
16,2020-03-29T17:00:00,86,Puglia,31,774,41.12559576,16.86736689,,,91,559,ITA,12361,99,1549,658,1432,74
20,2020-03-29T17:00:00,27,Sardegna,29,454,39.21531192,9.110616306,,,14,105,ITA,4598,23,638,128,582,13
19,2020-03-29T17:00:00,65,Sicilia,65,808,38.11569725,13.3623567,,,101,451,ITA,13814,71,1460,522,1330,88
9,2020-03-29T17:00:00,215,Toscana,121,2400,43.76923077,11.25588885,,,305,1111,ITA,27579,275,4122,1386,3786,275
4,2020-03-29T17:00:00,129,P.A. Trento,172,862,46.06893511,11.12123097,,,89,356,ITA,5950,75,1594,431,1293,59
10,2020-03-29T17:00:00,31,Umbria,95,685,43.10675841,12.38824698,,,54,166,ITA,7685,46,1023,212,897,-1
2,2020-03-29T17:00:00,43,Valle d'Aosta,2,423,45.73750286,7.320149366,,,73,90,ITA,1480,26,584,116,539,71
5,2020-03-29T17:00:00,392,Veneto,715,5310,45.43490485,12.33845213,,,428,1586,ITA,94784,355,8358,1941,7251,338
13,2020-03-30T17:00:00,102,Abruzzo,74,778,42.35122196,13.39843823,,,52,322,ITA,7948,69,1345,391,1169,0
17,2020-03-30T17:00:00,5,Basilicata,1,154,40.63947052,15.80514834,,,12,36,ITA,1833,18,214,54,208,11
4,2020-03-30T17:00:00,74,P.A. Bolzano,153,805,46.49933453,11.35662422,,,111,231,ITA,10640,62,1325,293,1098,64
18,2020-03-30T17:00:00,31,Calabria,14,454,38.90597598,16.59440194,,,33,130,ITA,9013,18,647,148,602,25
15,2020-03-30T17:00:00,125,Campania,88,1145,40.83956555,14.25084984,,,193,468,ITA,12969,126,1952,594,1739,183
8,2020-03-30T17:00:00,1538,Emilia-Romagna,1227,6636,44.49436681,11.3417208,,,412,3779,ITA,50990,351,13531,4130,10766,231
6,2020-03-30T17:00:00,107,Friuli Venezia Giulia,285,820,45.6494354,13.76813649,,,21,229,ITA,14003,60,1501,289,1109,-32
12,2020-03-30T17:00:00,150,Lazio,267,1264,41.89277044,12.48366722,,,208,1079,ITA,32846,154,2914,1233,2497,135
7,2020-03-30T17:00:00,397,Liguria,437,1066,44.41149315,8.9326992,,,141,1142,ITA,9677,175,3217,1317,2383,104
3,2020-03-30T17:00:00,6818,Lombardia,10337,11861,45.46679409,9.190347404,,,1154,11815,ITA,111057,1330,42161,13145,25006,-386
11,2020-03-30T17:00:00,417,Marche,16,2086,43.61675973,13.5188753,,,126,998,ITA,10979,167,3684,1165,3251,91
14,2020-03-30T17:00:00,9,Molise,18,72,41.55774754,14.65916051,,,7,27,ITA,955,8,134,35,107,7
1,2020-03-30T17:00:00,749,Piemonte,308,4218,45.0732745,7.680687483,,,506,2985,ITA,25478,452,8712,3437,7655,387
16,2020-03-30T17:00:00,91,Puglia,36,889,41.12559576,16.86736689,,,163,590,ITA,13117,106,1712,696,1585,153
20,2020-03-30T17:00:00,28,Sardegna,32,485,39.21531192,9.110616306,,,44,113,ITA,4993,24,682,137,622,40
19,2020-03-30T17:00:00,76,Sicilia,71,849,38.11569725,13.3623567,,,95,484,ITA,14758,75,1555,559,1408,78
9,2020-03-30T17:00:00,231,Toscana,131,2655,43.76923077,11.25588885,,,290,1116,ITA,30099,279,4412,1395,4050,264
4,2020-03-30T17:00:00,147,P.A. Trento,178,926,46.06893511,11.12123097,,,88,353,ITA,6377,78,1682,431,1357,64
10,2020-03-30T17:00:00,33,Umbria,184,614,43.10675841,12.38824698,,,28,173,ITA,8150,47,1051,220,834,-63
2,2020-03-30T17:00:00,50,Valle d'Aosta,16,400,45.73750286,7.320149366,,,0,92,ITA,1536,26,584,118,518,-21
5,2020-03-30T17:00:00,413,Veneto,747,5575,45.43490485,12.33845213,,,366,1633,ITA,99941,356,8724,1989,7564,313
13,2020-03-31T17:00:00,115,Abruzzo,95,783,42.35122196,13.39843823,,,56,335,ITA,8758,73,1401,408,1191,22
17,2020-03-31T17:00:00,7,Basilicata,3,162,40.63947052,15.80514834,,,12,37,ITA,2043,17,226,54,216,8
4,2020-03-31T17:00:00,76,P.A. Bolzano,153,831,46.49933453,11.35662422,,,46,249,ITA,11275,62,1371,311,1142,44
18,2020-03-31T17:00:00,36,Calabria,17,457,38.90597598,16.59440194,,,12,132,ITA,9327,17,659,149,606,4
15,2020-03-31T17:00:00,133,Campania,88,1237,40.83956555,14.25084984,,,140,501,ITA,14403,133,2092,634,1871,132
8,2020-03-31T17:00:00,1644,Emilia-Romagna,1477,6835,44.49436681,11.3417208,,,543,3765,ITA,54532,353,14074,4118,10953,187
6,2020-03-31T17:00:00,113,Friuli Venezia Giulia,320,885,45.6494354,13.76813649,,,92,215,ITA,14899,60,1593,275,1160,51
12,2020-03-31T17:00:00,162,Lazio,291,1342,41.89277044,12.48366722,,,181,1127,ITA,34677,173,3095,1300,2642,145
7,2020-03-31T17:00:00,428,Liguria,480,1176,44.41149315,8.9326992,,,199,1153,ITA,10376,179,3416,1332,2508,125
3,2020-03-31T17:00:00,7199,Lombardia,10885,11917,45.46679409,9.190347404,,,1047,11883,ITA,114640,1324,43208,13207,25124,118
11,2020-03-31T17:00:00,452,Marche,21,2237,43.61675973,13.5188753,,,141,946,ITA,11724,169,3825,1115,3352,101
14,2020-03-31T17:00:00,9,Molise,18,80,41.55774754,14.65916051,,,10,29,ITA,1049,8,144,37,117,10
1,2020-03-31T17:00:00,854,Piemonte,365,4456,45.0732745,7.680687483,,,589,3174,ITA,27658,452,9301,3626,8082,427
16,2020-03-31T17:00:00,110,Puglia,39,940,41.12559576,16.86736689,,,91,609,ITA,14073,105,1803,714,1654,69
20,2020-03-31T17:00:00,31,Sardegna,34,516,39.21531192,9.110616306,,,40,113,ITA,5257,28,722,141,657,35
19,2020-03-31T17:00:00,81,Sicilia,74,917,38.11569725,13.3623567,,,92,503,ITA,15634,72,1647,575,1492,84
9,2020-03-31T17:00:00,244,Toscana,138,2813,43.76923077,11.25588885,,,196,1120,ITA,33165,293,4608,1413,4226,176
4,2020-03-31T17:00:00,164,P.A. Trento,193,955,46.06893511,11.12123097,,,64,354,ITA,6973,80,1746,434,1389,32
10,2020-03-31T17:00:00,37,Umbria,190,632,43.10675841,12.38824698,,,27,176,ITA,8685,43,1078,219,851,17
2,2020-03-31T17:00:00,56,Valle d'Aosta,20,435,45.73750286,7.320149366,,,44,91,ITA,1582,26,628,117,552,34
5,2020-03-31T17:00:00,477,Veneto,828,5814,45.43490485,12.33845213,,,431,1680,ITA,106238,356,9155,2036,7850,286
